Date,Adj Close,Close,High,Low,Open,Volume
,VTI,VTI,VTI,VTI,VTI,VTI
2006-04-03,45.663082122802734,64.76499938964844,65.29499816894531,64.69999694824219,64.94999694824219,173400
2006-04-04,45.92747116088867,65.13999938964844,65.21499633789062,64.61499786376953,64.875,207000
2006-04-05,46.09669494628906,65.37999725341797,65.49500274658203,65.05999755859375,65.18000030517578,317200
2006-04-06,46.07551193237305,65.3499984741211,65.48999786376953,65.0,65.38500213623047,223000
2006-04-07,45.58198547363281,64.6500015258789,65.62999725341797,64.58000183105469,65.49500274658203,276600
2006-04-10,45.64190673828125,64.73500061035156,64.93499755859375,64.50499725341797,64.8499984741211,381200
2006-04-11,45.229454040527344,64.1500015258789,64.8949966430664,63.939998626708984,64.88500213623047,453600
2006-04-12,45.32112121582031,64.27999877929688,64.375,64.12000274658203,64.19499969482422,346800
2006-04-13,45.31053161621094,64.26499938964844,64.46499633789062,63.9900016784668,64.05000305175781,322200
2006-04-17,45.240047454833984,64.16500091552734,64.51000213623047,63.904998779296875,64.18000030517578,211600
2006-04-18,46.019100189208984,65.2699966430664,65.3949966430664,64.41999816894531,64.43000030517578,369600
2006-04-19,46.156612396240234,65.46499633789062,65.55500030517578,65.11000061035156,65.3499984741211,508200
2006-04-20,46.220062255859375,65.55500030517578,65.91500091552734,65.29000091552734,65.44000244140625,115800
2006-04-21,46.19892501831055,65.5250015258789,65.9000015258789,65.30500030517578,65.88999938964844,704200
2006-04-24,46.064937591552734,65.33499908447266,65.46499633789062,65.12999725341797,65.46499633789062,196000
2006-04-25,45.91687774658203,65.125,65.5,64.93000030517578,65.36499786376953,158800
2006-04-26,45.92747116088867,65.13999938964844,65.5250015258789,65.08499908447266,65.25499725341797,260400
2006-04-27,46.06145095825195,65.33000183105469,65.68499755859375,64.66999816894531,64.73999786376953,313200
2006-04-28,46.14957046508789,65.45500183105469,65.66999816894531,65.25499725341797,65.30000305175781,155400
2006-05-01,45.92747116088867,65.13999938964844,65.75,65.09500122070312,65.73500061035156,403400
2006-05-02,46.19892501831055,65.5250015258789,65.55000305175781,65.30000305175781,65.46499633789062,188600
2006-05-03,46.064937591552734,65.33499908447266,65.53500366210938,65.12999725341797,65.4800033569336,196000
2006-05-04,46.27998733520508,65.63999938964844,65.7300033569336,65.42500305175781,65.6449966430664,245800
2006-05-05,46.674827575683594,66.19999694824219,66.37999725341797,65.87000274658203,65.87000274658203,428800
2006-05-08,46.71713638305664,66.26000213623047,66.38500213623047,66.18499755859375,66.23500061035156,267800
2006-05-09,46.71359634399414,66.25499725341797,66.37000274658203,66.17500305175781,66.23500061035156,577200
2006-05-10,46.65016555786133,66.16500091552734,66.29000091552734,65.90499877929688,66.23999786376953,677600
2006-05-11,46.04730987548828,65.30999755859375,66.04000091552734,65.19499969482422,66.02999877929688,310200
2006-05-12,45.43040084838867,64.43499755859375,65.18499755859375,64.42500305175781,65.0,431600
2006-05-15,45.47975540161133,64.50499725341797,64.55500030517578,64.00499725341797,64.20500183105469,304400
2006-05-16,45.33522415161133,64.30000305175781,64.66999816894531,64.21499633789062,64.625,786400
2006-05-17,44.506771087646484,63.125,64.20999908447266,63.125,64.0250015258789,654400
2006-05-18,44.29878616333008,62.83000183105469,63.65999984741211,62.779998779296875,63.345001220703125,627600
2006-05-19,44.54908752441406,63.185001373291016,63.42499923706055,62.53499984741211,63.04999923706055,636000
2006-05-22,44.284671783447266,62.810001373291016,63.189998626708984,62.29499816894531,62.779998779296875,405600
2006-05-23,43.939208984375,62.31999969482422,63.47999954223633,62.310001373291016,63.42499923706055,2607000
2006-05-24,44.09079360961914,62.53499984741211,62.96500015258789,61.86000061035156,62.31999969482422,788000
2006-05-25,44.70066833496094,63.400001525878906,63.400001525878906,62.79499816894531,63.0,282400
2006-05-26,44.954471588134766,63.7599983215332,63.775001525878906,63.375,63.61000061035156,350800
2006-05-30,44.14015197753906,62.60499954223633,63.70500183105469,62.60499954223633,63.70500183105469,415400
2006-05-31,44.66188430786133,63.345001220703125,63.345001220703125,62.845001220703125,62.95000076293945,402600
2006-06-01,45.229454040527344,64.1500015258789,64.1500015258789,63.22999954223633,63.349998474121094,246000
2006-06-02,45.31761169433594,64.2750015258789,64.5,63.915000915527344,64.45999908447266,370600
2006-06-05,44.55613708496094,63.19499969482422,64.12000274658203,63.040000915527344,64.0250015258789,275200
2006-06-06,44.355194091796875,62.90999984741211,63.36000061035156,62.44499969482422,63.275001525878906,599400
2006-06-07,44.06612014770508,62.5,63.38999938964844,62.5,63.025001525878906,213000
2006-06-08,44.023807525634766,62.439998626708984,62.654998779296875,61.380001068115234,62.275001525878906,996600
2006-06-09,43.854610443115234,62.20000076293945,62.8650016784668,62.185001373291016,62.779998779296875,277200
2006-06-12,43.27997970581055,61.3849983215332,62.55500030517578,61.369998931884766,62.55500030517578,536200
2006-06-13,42.765281677246094,60.654998779296875,61.79999923706055,60.630001068115234,61.334999084472656,1091200
2006-06-14,43.03673553466797,61.040000915527344,61.099998474121094,60.5,60.599998474121094,2880400
2006-06-15,44.03086471557617,62.45000076293945,62.60499954223633,61.310001373291016,61.650001525878906,554000
2006-06-16,43.801719665527344,62.125,62.45000076293945,61.93000030517578,62.45000076293945,415400
2006-06-19,43.361045837402344,61.5,62.44499969482422,61.45500183105469,62.400001525878906,461400
2006-06-20,43.37162399291992,61.51499938964844,61.98500061035156,61.46500015258789,61.54999923706055,2345200
2006-06-21,43.854610443115234,62.20000076293945,62.48500061035156,61.55500030517578,61.67499923706055,226400
2006-06-22,43.6148681640625,61.86000061035156,62.20000076293945,61.665000915527344,62.20000076293945,385800
2006-06-23,43.681854248046875,61.95500183105469,62.334999084472656,61.70000076293945,61.91999816894531,485600
2006-06-26,43.896060943603516,61.9900016784668,62.04499816894531,61.654998779296875,61.95000076293945,277600
2006-06-27,43.47827911376953,61.400001525878906,62.18000030517578,61.400001525878906,61.95000076293945,238600
2006-06-28,43.78630065917969,61.834999084472656,61.834999084472656,61.26499938964844,61.67499923706055,202200
2006-06-29,44.742271423339844,63.185001373291016,63.185001373291016,62.099998474121094,62.099998474121094,400800
2006-06-30,44.721012115478516,63.154998779296875,63.459999084472656,63.029998779296875,63.45500183105469,463000
2006-07-03,45.064453125,63.63999938964844,63.65999984741211,63.290000915527344,63.5,199800
2006-07-05,44.69623947143555,63.119998931884766,63.32500076293945,62.84000015258789,63.2400016784668,324600
2006-07-06,44.841392517089844,63.32500076293945,63.5099983215332,63.099998474121094,63.244998931884766,194000
2006-07-07,44.46962356567383,62.79999923706055,63.3650016784668,62.67499923706055,63.32500076293945,2556200
2006-07-10,44.52275466918945,62.875,63.220001220703125,62.70500183105469,63.0,333400
2006-07-11,44.685604095458984,63.10499954223633,63.150001525878906,62.43000030517578,62.8650016784668,243600
2006-07-12,44.20762252807617,62.43000030517578,63.150001525878906,62.31999969482422,63.1349983215332,227000
2006-07-13,43.549095153808594,61.5,62.25,61.5,62.099998474121094,433400
2006-07-14,43.29417037963867,61.13999938964844,61.53499984741211,60.775001525878906,61.349998474121094,689800
2006-07-17,43.21980285644531,61.03499984741211,61.41999816894531,60.900001525878906,61.060001373291016,489800
2006-07-18,43.3649787902832,61.2400016784668,61.38999938964844,60.51499938964844,61.060001373291016,419600
2006-07-19,44.08015823364258,62.25,62.5,61.43000030517578,61.43000030517578,469400
2006-07-20,43.630523681640625,61.6150016784668,62.525001525878906,61.6150016784668,62.4900016784668,252400
2006-07-21,43.283538818359375,61.125,61.689998626708984,61.084999084472656,61.650001525878906,304600
2006-07-24,44.126197814941406,62.314998626708984,62.33000183105469,61.404998779296875,61.45000076293945,235000
2006-07-25,44.27490234375,62.525001525878906,62.85499954223633,62.1150016784668,62.17499923706055,338200
2006-07-26,44.39527130126953,62.69499969482422,62.95500183105469,62.26499938964844,62.54999923706055,211400
2006-07-27,44.281986236572266,62.53499984741211,63.03499984741211,62.255001068115234,62.974998474121094,223800
2006-07-28,44.671451568603516,63.084999084472656,63.22999954223633,62.560001373291016,62.560001373291016,293600
2006-07-31,44.66790008544922,63.08000183105469,63.19499969482422,62.91999816894531,63.06999969482422,233800
2006-08-01,44.437767028808594,62.755001068115234,62.849998474121094,62.5,62.82500076293945,211400
2006-08-02,44.71747970581055,63.150001525878906,63.40999984741211,62.96500015258789,63.01499938964844,171000
2006-08-03,44.81660842895508,63.290000915527344,63.5,62.68000030517578,62.70000076293945,172000
2006-08-04,44.79537582397461,63.2599983215332,63.98500061035156,62.94499969482422,63.900001525878906,258600
2006-08-07,44.646663665771484,63.04999923706055,63.209999084472656,62.875,63.14500045776367,153200
2006-08-08,44.441307067871094,62.7599983215332,63.400001525878906,62.60499954223633,63.220001220703125,208400
2006-08-09,44.2147102355957,62.439998626708984,63.349998474121094,62.400001525878906,63.209999084472656,314600
2006-08-10,44.384674072265625,62.68000030517578,62.80500030517578,62.17499923706055,62.220001220703125,164000
2006-08-11,44.24656677246094,62.48500061035156,62.69499969482422,62.20500183105469,62.69499969482422,433800
2006-08-14,44.3280029296875,62.599998474121094,63.10499954223633,62.470001220703125,62.875,194800
2006-08-15,44.89451599121094,63.400001525878906,63.48500061035156,62.970001220703125,63.20000076293945,294000
2006-08-16,45.33354187011719,64.0199966430664,64.08000183105469,63.630001068115234,63.665000915527344,292800
2006-08-17,45.43621826171875,64.16500091552734,64.31500244140625,63.8849983215332,63.974998474121094,653400
2006-08-18,45.616783142089844,64.41999816894531,64.41999816894531,63.900001525878906,64.23999786376953,448400
2006-08-21,45.44329833984375,64.17500305175781,64.18499755859375,63.95500183105469,64.08999633789062,278200
2006-08-22,45.457454681396484,64.19499969482422,64.31500244140625,63.95000076293945,64.00499725341797,200200
2006-08-23,45.23793029785156,63.8849983215332,64.2750015258789,63.599998474121094,64.12999725341797,167600
2006-08-24,45.23440170288086,63.880001068115234,64.08000183105469,63.650001525878906,64.08000183105469,175200
2006-08-25,45.25210952758789,63.904998779296875,64.1050033569336,63.77000045776367,63.900001525878906,297800
2006-08-28,45.51408767700195,64.2750015258789,64.36499786376953,63.724998474121094,63.724998474121094,214000
2006-08-29,45.60261917114258,64.4000015258789,64.4749984741211,63.93000030517578,64.22000122070312,203600
2006-08-30,45.70174789428711,64.54000091552734,64.61000061035156,64.41500091552734,64.45500183105469,240200
2006-08-31,45.69467544555664,64.52999877929688,64.69000244140625,64.44999694824219,64.63999938964844,349000
2006-09-01,45.96021270751953,64.90499877929688,64.98500061035156,64.59500122070312,64.82499694824219,154800
2006-09-05,46.05226135253906,65.03500366210938,65.11499786376953,64.76499938964844,64.91000366210938,340000
2006-09-06,45.56012725830078,64.33999633789062,64.7750015258789,64.28500366210938,64.7750015258789,169400
2006-09-07,45.390174865722656,64.0999984741211,64.3949966430664,63.8849983215332,64.1050033569336,299200
2006-09-08,45.48224639892578,64.2300033569336,64.29000091552734,64.01499938964844,64.05000305175781,169200
2006-09-11,45.49641036987305,64.25,64.40499877929688,63.755001068115234,64.13999938964844,345200
2006-09-12,46.0133171081543,64.9800033569336,65.02999877929688,64.31999969482422,64.38999938964844,158800
2006-09-13,46.25762176513672,65.32499694824219,65.37999725341797,64.86499786376953,65.05000305175781,213800
2006-09-14,46.158485412597656,65.18499755859375,65.24500274658203,65.0250015258789,65.19999694824219,499400
2006-09-15,46.26824188232422,65.33999633789062,65.57499694824219,65.24500274658203,65.49500274658203,251800
2006-09-18,46.30363082885742,65.38999938964844,65.59500122070312,65.19499969482422,65.2699966430664,275400
2006-09-19,46.18328857421875,65.22000122070312,65.5250015258789,64.86000061035156,65.5250015258789,276400
2006-09-20,46.45942306518555,65.61000061035156,65.7750015258789,65.43000030517578,65.57499694824219,314400
2006-09-21,46.16911315917969,65.19999694824219,65.7750015258789,65.09500122070312,65.75,195400
2006-09-22,46.05226135253906,65.03500366210938,65.18499755859375,64.79000091552734,65.09500122070312,177200
2006-09-25,46.446529388427734,65.32499694824219,65.44000244140625,64.51000213623047,64.94000244140625,497400
2006-09-26,46.770050048828125,65.77999877929688,65.77999877929688,65.17500305175781,65.32499694824219,1265000
2006-09-27,46.82691955566406,65.86000061035156,66.0,65.67500305175781,65.75,188400
2006-09-28,46.87313461303711,65.92500305175781,66.05999755859375,65.66999816894531,65.9749984741211,229400
2006-09-29,46.72736740112305,65.72000122070312,66.0,65.72000122070312,65.875,310200
2006-10-02,46.59584426879883,65.53500366210938,65.8949966430664,65.44000244140625,65.75,299400
2006-10-03,46.66694259643555,65.63500213623047,65.80500030517578,65.20999908447266,65.44999694824219,200600
2006-10-04,47.161094665527344,66.33000183105469,66.38500213623047,65.45500183105469,65.55000305175781,673000
2006-10-05,47.38861846923828,66.6500015258789,66.69999694824219,66.30000305175781,66.4000015258789,424800
2006-10-06,47.29617691040039,66.5199966430664,66.55999755859375,66.20999908447266,66.55999755859375,562000
2006-10-09,47.34238815307617,66.58499908447266,66.70999908447266,66.34500122070312,66.51000213623047,148000
2006-10-10,47.449039459228516,66.73500061035156,66.83499908447266,66.53500366210938,66.69999694824219,204200
2006-10-11,47.36371994018555,66.61499786376953,66.79499816894531,66.25,66.6500015258789,202400
2006-10-12,47.83654022216797,67.27999877929688,67.31500244140625,66.79499816894531,66.88999938964844,220200
2006-10-13,48.003639221191406,67.51499938964844,67.54000091552734,67.19499969482422,67.32499694824219,193000
2006-10-16,48.13518142700195,67.69999694824219,67.76000213623047,67.42500305175781,67.51499938964844,252000
2006-10-17,47.94675827026367,67.43499755859375,67.56999969482422,67.04499816894531,67.54000091552734,392600
2006-10-18,48.01428985595703,67.52999877929688,67.92500305175781,67.27999877929688,67.92500305175781,182800
2006-10-19,48.06763458251953,67.6050033569336,67.68000030517578,67.32499694824219,67.49500274658203,184000
2006-10-20,48.053401947021484,67.58499908447266,67.68499755859375,67.36000061035156,67.68499755859375,117800
2006-10-23,48.25958251953125,67.875,68.01000213623047,67.33999633789062,67.3949966430664,441400
2006-10-24,48.37691116333008,68.04000091552734,68.04000091552734,67.69999694824219,67.84500122070312,254800
2006-10-25,48.536888122558594,68.26499938964844,68.30000305175781,67.91000366210938,68.07499694824219,187600
2006-10-26,48.79285430908203,68.625,68.67500305175781,68.125,68.53500366210938,423600
2006-10-27,48.419578552246094,68.0999984741211,68.56999969482422,68.01000213623047,68.5199966430664,460800
2006-10-30,48.43732452392578,68.125,68.2699966430664,67.82499694824219,67.98999786376953,221800
2006-10-31,48.37691116333008,68.04000091552734,68.31999969482422,67.79499816894531,68.26499938964844,211200
2006-11-01,47.98585510253906,67.48999786376953,68.3499984741211,67.46499633789062,68.34500122070312,335600
2006-11-02,47.957393646240234,67.44999694824219,67.55999755859375,67.2300033569336,67.43499755859375,157200
2006-11-03,47.9503059387207,67.44000244140625,67.75,67.20999908447266,67.68000030517578,122800
2006-11-06,48.483558654785156,68.19000244140625,68.29000091552734,67.51000213623047,67.51000213623047,254600
2006-11-07,48.65064239501953,68.42500305175781,68.6449966430664,68.19999694824219,68.3499984741211,252800
2006-11-08,48.77507400512695,68.5999984741211,68.71499633789062,68.0199966430664,68.16500091552734,231200
2006-11-09,48.508445739746094,68.2249984741211,68.76000213623047,68.0999984741211,68.76000213623047,220800
2006-11-10,48.618629455566406,68.37999725341797,68.37999725341797,68.0999984741211,68.27999877929688,165400
2006-11-13,48.72886276245117,68.53500366210938,68.70500183105469,68.28500366210938,68.43499755859375,188400
2006-11-14,49.109249114990234,69.06999969482422,69.0999984741211,68.31500244140625,68.80000305175781,703000
2006-11-15,49.29411315917969,69.33000183105469,69.55000305175781,69.09500122070312,69.1500015258789,285000
2006-11-16,49.40077209472656,69.4800033569336,69.5999984741211,69.375,69.55000305175781,501600
2006-11-17,49.375877380371094,69.44499969482422,69.44999694824219,69.12999725341797,69.2249984741211,370600
2006-11-20,49.404319763183594,69.48500061035156,69.65499877929688,69.3499984741211,69.55000305175781,249200
2006-11-21,49.532283782958984,69.66500091552734,69.66500091552734,69.44499969482422,69.61000061035156,282800
2006-11-22,49.67095947265625,69.86000061035156,69.87999725341797,69.62000274658203,69.82499694824219,168800
2006-11-24,49.52519226074219,69.65499877929688,69.82499694824219,69.5,69.58000183105469,130000
2006-11-27,48.73954391479492,68.55000305175781,69.625,68.55000305175781,69.625,489200
2006-11-28,48.92439270019531,68.80999755859375,68.87000274658203,68.36000061035156,68.4749984741211,326000
2006-11-29,49.42564010620117,69.51499938964844,69.57499694824219,69.1050033569336,69.13999938964844,312200
2006-11-30,49.50386428833008,69.625,69.8949966430664,69.25499725341797,69.6500015258789,342800
2006-12-01,49.3652229309082,69.43000030517578,69.7300033569336,68.8949966430664,69.7249984741211,248000
2006-12-04,49.848697662353516,70.11000061035156,70.20500183105469,69.58000183105469,69.58999633789062,360600
2006-12-05,50.029998779296875,70.36499786376953,70.42500305175781,70.08499908447266,70.23999786376953,237400
2006-12-06,50.00157165527344,70.32499694824219,70.46499633789062,70.16000366210938,70.375,197000
2006-12-07,49.777610778808594,70.01000213623047,70.55999755859375,70.0,70.51000213623047,159200
2006-12-08,49.862911224365234,70.12999725341797,70.38500213623047,69.83000183105469,70.06500244140625,204000
2006-12-11,49.96955871582031,70.27999877929688,70.41500091552734,70.08999633789062,70.22000122070312,209600
2006-12-12,49.8913688659668,70.16999816894531,70.30500030517578,69.81500244140625,70.29000091552734,186000
2006-12-13,49.97667694091797,70.29000091552734,70.5199966430664,70.13999938964844,70.5199966430664,281000
2006-12-14,50.357059478759766,70.82499694824219,70.91000366210938,70.3499984741211,70.37000274658203,280400
2006-12-15,50.37129211425781,70.84500122070312,71.1449966430664,70.80500030517578,71.1449966430664,309000
2006-12-18,50.165077209472656,70.55500030517578,71.08499908447266,70.44999694824219,71.0250015258789,274600
2006-12-19,50.236209869384766,70.65499877929688,70.76499938964844,70.11499786376953,70.4000015258789,305800
2006-12-20,50.21487808227539,70.625,70.87999725341797,70.56999969482422,70.75,228800
2006-12-21,50.01931381225586,70.3499984741211,70.79499816894531,70.19999694824219,70.74500274658203,406800
2006-12-22,49.7377815246582,69.5999984741211,70.07499694824219,69.59500122070312,70.07499694824219,409200
2006-12-26,50.02720642089844,70.00499725341797,70.0199966430664,69.62999725341797,69.68000030517578,219400
2006-12-27,50.370216369628906,70.48500061035156,70.53500366210938,70.2300033569336,70.2300033569336,274000
2006-12-28,50.298763275146484,70.38500213623047,70.54000091552734,70.26499938964844,70.54000091552734,358400
2006-12-29,50.098663330078125,70.1050033569336,70.51499938964844,70.0,70.42500305175781,433800
2007-01-03,50.00576400756836,69.9749984741211,70.68000030517578,69.5250015258789,70.57499694824219,798600
2007-01-04,50.10581970214844,70.11499786376953,70.29499816894531,69.58499908447266,69.9749984741211,3305000
2007-01-05,49.709197998046875,69.55999755859375,70.0,69.42500305175781,70.0,382000
2007-01-08,49.89142990112305,69.81500244140625,69.90499877929688,69.32499694824219,69.76000213623047,299000
2007-01-09,49.89142990112305,69.81500244140625,69.94999694824219,69.42500305175781,69.94999694824219,267000
2007-01-10,50.002193450927734,69.97000122070312,70.05000305175781,69.48500061035156,69.58999633789062,359200
2007-01-11,50.38093185424805,70.5,70.65499877929688,70.0999984741211,70.17500305175781,336400
2007-01-12,50.71323013305664,70.96499633789062,70.96499633789062,70.44999694824219,70.55000305175781,346200
2007-01-16,50.616783142089844,70.83000183105469,71.07499694824219,70.75,71.07499694824219,390000
2007-01-17,50.65248489379883,70.87999725341797,71.06999969482422,70.7300033569336,70.78500366210938,334000
2007-01-18,50.38093185424805,70.5,70.93499755859375,70.4000015258789,70.87999725341797,444600
2007-01-19,50.57745361328125,70.7750015258789,70.79499816894531,70.4000015258789,70.4000015258789,328600
2007-01-22,50.37737274169922,70.49500274658203,70.84500122070312,70.26000213623047,70.84500122070312,379600
2007-01-23,50.520259857177734,70.69499969482422,70.88500213623047,70.3499984741211,70.4800033569336,295400
2007-01-24,50.9669189453125,71.31999969482422,71.33999633789062,70.75,70.9000015258789,284800
2007-01-25,50.39522933959961,70.5199966430664,71.41000366210938,70.41500091552734,71.41000366210938,425400
2007-01-26,50.363067626953125,70.4749984741211,70.7750015258789,70.20500183105469,70.73500061035156,192600
2007-01-29,50.37378692626953,70.48999786376953,70.77999877929688,70.37000274658203,70.58499908447266,274600
2007-01-30,50.66320037841797,70.8949966430664,70.8949966430664,70.55000305175781,70.73500061035156,190800
2007-01-31,51.03124237060547,71.41000366210938,71.55000305175781,70.70500183105469,70.83499908447266,272000
2007-02-01,51.3242301940918,71.81999969482422,71.8550033569336,71.48500061035156,71.5999984741211,452400
2007-02-02,51.3885612487793,71.91000366210938,71.99500274658203,71.75,71.91000366210938,468800
2007-02-05,51.44929504394531,71.99500274658203,72.0,71.7249984741211,72.0,306000
2007-02-06,51.45286560058594,72.0,72.1500015258789,71.72000122070312,72.1500015258789,386200
2007-02-07,51.62080001831055,72.23500061035156,72.30500030517578,71.99500274658203,72.20999908447266,511400
2007-02-08,51.55649185180664,72.1449966430664,72.22000122070312,71.82499694824219,71.98999786376953,178200
2007-02-09,51.16703796386719,71.5999984741211,72.31999969482422,71.33000183105469,72.1500015258789,591800
2007-02-12,50.98478698730469,71.34500122070312,71.69999694824219,71.19999694824219,71.69999694824219,273400
2007-02-13,51.41714096069336,71.94999694824219,71.94999694824219,71.4000015258789,71.4000015258789,235600
2007-02-14,51.76017379760742,72.43000030517578,72.52999877929688,72.0,72.06500244140625,361400
2007-02-15,51.770870208740234,72.44499969482422,72.56500244140625,72.30500030517578,72.4749984741211,396800
2007-02-16,51.80662155151367,72.49500274658203,72.49500274658203,72.20500183105469,72.32499694824219,323800
2007-02-20,51.960269927978516,72.70999908447266,72.78500366210938,72.15499877929688,72.44999694824219,372400
2007-02-21,51.98167037963867,72.73999786376953,72.76000213623047,72.37999725341797,72.56500244140625,348200
2007-02-22,51.96380615234375,72.71499633789062,72.94999694824219,72.37999725341797,72.8949966430664,293800
2007-02-23,51.79587936401367,72.4800033569336,72.63999938964844,72.29499816894531,72.61000061035156,239600
2007-02-26,51.728004455566406,72.38500213623047,72.82499694824219,72.13999938964844,72.69999694824219,396200
2007-02-27,49.80924606323242,69.69999694824219,71.63999938964844,67.58499908447266,71.57499694824219,1636800
2007-02-28,50.202274322509766,70.25,70.67500305175781,69.69999694824219,70.01499938964844,942400
2007-03-01,50.05936813354492,70.05000305175781,70.38999938964844,68.68499755859375,68.9800033569336,1121000
2007-03-02,49.344730377197266,69.05000305175781,70.01000213623047,69.0250015258789,69.7750015258789,387000
2007-03-05,48.77302551269531,68.25,69.28500366210938,68.16500091552734,68.4000015258789,808200
2007-03-06,49.594844818115234,69.4000015258789,69.6449966430664,68.80000305175781,68.8499984741211,541200
2007-03-07,49.555538177490234,69.34500122070312,69.79000091552734,69.2750015258789,69.48999786376953,320200
2007-03-08,49.970027923583984,69.92500305175781,70.18000030517578,69.69499969482422,69.9749984741211,474800
2007-03-09,49.98789596557617,69.94999694824219,70.4000015258789,69.66000366210938,70.4000015258789,600800
2007-03-12,50.1201057434082,70.13500213623047,70.28500366210938,69.79000091552734,69.92500305175781,242000
2007-03-13,49.21969223022461,68.875,70.0,68.73999786376953,69.75,451400
2007-03-14,49.469783782958984,69.2249984741211,69.23500061035156,68.05000305175781,68.87999725341797,543000
2007-03-15,49.66630554199219,69.5,69.62999725341797,69.125,69.31500244140625,331800
2007-03-16,49.451927185058594,69.19999694824219,69.69999694824219,69.06999969482422,69.48500061035156,192200
2007-03-19,50.01646423339844,69.98999786376953,70.06999969482422,69.55500030517578,69.69999694824219,519400
2007-03-20,50.34520721435547,70.44999694824219,70.46499633789062,69.91999816894531,70.09500122070312,359200
2007-03-21,51.14914321899414,71.57499694824219,71.77999877929688,70.3949966430664,70.5999984741211,377600
2007-03-22,51.17775344848633,71.61499786376953,71.80000305175781,71.38500213623047,71.80000305175781,302200
2007-03-23,51.277793884277344,71.75499725341797,71.83999633789062,71.57499694824219,71.71499633789062,600000
2007-03-26,51.19203186035156,71.33000183105469,71.55000305175781,70.7750015258789,71.55000305175781,380600
2007-03-27,50.98749923706055,71.04499816894531,71.30000305175781,70.86000061035156,71.30000305175781,383800
2007-03-28,50.65377426147461,70.58000183105469,70.91000366210938,70.32499694824219,70.86000061035156,663600
2007-03-29,50.7937126159668,70.7750015258789,71.2249984741211,70.2699966430664,71.2249984741211,863000
2007-03-30,50.765010833740234,70.73500061035156,71.11000061035156,70.12000274658203,71.0250015258789,493200
2007-04-02,50.890594482421875,70.91000366210938,70.98999786376953,70.5250015258789,70.98999786376953,342800
2007-04-03,51.35350799560547,71.55500030517578,71.72000122070312,71.1449966430664,71.375,216600
2007-04-04,51.4073371887207,71.62999725341797,72.12000274658203,71.42500305175781,71.56999969482422,1362600
2007-04-05,51.55085754394531,71.83000183105469,71.94499969482422,71.55000305175781,71.62999725341797,411800
2007-04-09,51.61187744140625,71.91500091552734,72.12000274658203,71.8499984741211,72.11499786376953,335800
2007-04-10,51.755401611328125,72.11499786376953,72.13999938964844,71.94000244140625,71.9749984741211,237600
2007-04-11,51.42527389526367,71.65499877929688,72.2249984741211,71.51000213623047,72.2249984741211,265400
2007-04-12,51.76258850097656,72.125,72.125,71.4000015258789,71.5250015258789,316200
2007-04-13,51.934818267822266,72.36499786376953,72.36499786376953,71.92500305175781,72.25499725341797,235200
2007-04-16,52.45873260498047,73.09500122070312,73.1500015258789,72.67500305175781,72.67500305175781,697600
2007-04-17,52.5412483215332,73.20999908447266,73.3949966430664,73.04499816894531,73.19999694824219,307600
2007-04-18,52.58793640136719,73.2750015258789,73.44999694824219,72.97000122070312,73.05000305175781,847000
2007-04-19,52.49102020263672,73.13999938964844,73.29499816894531,72.73999786376953,72.88999938964844,452600
2007-04-20,52.9575309753418,73.79000091552734,73.81999969482422,73.43000030517578,73.69999694824219,387800
2007-04-23,52.85344696044922,73.6449966430664,73.93000030517578,73.55999755859375,73.82499694824219,231200
2007-04-24,52.84626770019531,73.63500213623047,73.80999755859375,73.25,73.80999755859375,185400
2007-04-25,53.31635665893555,74.29000091552734,74.375,73.69000244140625,74.11499786376953,330400
2007-04-26,53.33430099487305,74.31500244140625,74.44499969482422,74.05999755859375,74.33499908447266,376600
2007-04-27,53.27688217163086,74.23500061035156,74.38500213623047,73.98999786376953,74.20500183105469,554800
2007-04-30,52.806800842285156,73.58000183105469,74.375,73.56500244140625,74.375,471000
2007-05-01,52.92523193359375,73.74500274658203,73.77999877929688,73.22000122070312,73.6500015258789,310000
2007-05-02,53.31635665893555,74.29000091552734,74.44999694824219,73.82499694824219,73.92500305175781,438600
2007-05-03,53.553192138671875,74.62000274658203,74.66999816894531,74.31500244140625,74.34500122070312,406400
2007-05-04,53.711082458496094,74.83999633789062,74.98999786376953,74.55500030517578,74.90499877929688,440400
2007-05-07,53.79719543457031,74.95999908447266,75.04000091552734,74.88500213623047,74.88500213623047,329800
2007-05-08,53.743377685546875,74.88500213623047,74.9000015258789,74.4749984741211,74.69000244140625,349600
2007-05-09,53.93355178833008,75.1500015258789,75.25499725341797,74.5250015258789,74.79000091552734,423600
2007-05-10,53.25535202026367,74.20500183105469,74.98500061035156,74.0999984741211,74.93499755859375,513000
2007-05-11,53.754150390625,74.9000015258789,74.90499877929688,74.32499694824219,74.46499633789062,279800
2007-05-14,53.59266662597656,74.67500305175781,75.09500122070312,74.43000030517578,74.98999786376953,419400
2007-05-15,53.44913101196289,74.4749984741211,75.17500305175781,74.47000122070312,74.8499984741211,439000
2007-05-16,53.90843963623047,75.11499786376953,75.11499786376953,74.47000122070312,74.83499908447266,676800
2007-05-17,53.779266357421875,74.93499755859375,75.25499725341797,74.83000183105469,75.05000305175781,290600
2007-05-18,54.18116760253906,75.49500274658203,75.54000091552734,75.16000366210938,75.25,263800
2007-05-21,54.33544158935547,75.70999908447266,75.98500061035156,75.50499725341797,75.54000091552734,502600
2007-05-22,54.32826232910156,75.69999694824219,76.0,75.6449966430664,75.80500030517578,446200
2007-05-23,54.299560546875,75.66000366210938,76.22000122070312,75.63999938964844,76.0250015258789,426000
2007-05-24,53.743377685546875,74.88500213623047,76.01499938964844,74.75,75.78500366210938,859800
2007-05-25,54.00532913208008,75.25,75.41999816894531,75.03500366210938,75.2249984741211,289400
2007-05-29,54.220638275146484,75.55000305175781,75.69499969482422,75.23500061035156,75.4800033569336,242600
2007-05-30,54.68710708618164,76.19999694824219,76.19999694824219,75.125,75.125,295200
2007-05-31,54.77322769165039,76.31999969482422,76.47000122070312,76.12000274658203,76.42500305175781,245400
2007-06-01,54.9957160949707,76.62999725341797,76.78500366210938,76.4000015258789,76.5250015258789,456600
2007-06-04,55.085445404052734,76.75499725341797,76.80999755859375,76.36000061035156,76.52999877929688,265800
2007-06-05,54.80553436279297,76.36499786376953,76.56999969482422,76.06999969482422,76.56999969482422,390400
2007-06-06,54.24577713012695,75.58499908447266,76.12000274658203,75.45500183105469,76.12000274658203,544000
2007-06-07,53.17641067504883,74.09500122070312,75.56500244140625,74.09500122070312,75.48500061035156,791800
2007-06-08,53.904850006103516,75.11000061035156,75.1449966430664,74.08499908447266,74.4000015258789,1175600
2007-06-11,53.969459533691406,75.19999694824219,75.4749984741211,74.86000061035156,75.01000213623047,882000
2007-06-12,53.30559158325195,74.2750015258789,75.23500061035156,74.2750015258789,74.93000030517578,408000
2007-06-13,54.13810729980469,75.43499755859375,75.43499755859375,74.625,74.7699966430664,488400
2007-06-14,54.52565002441406,75.9749984741211,76.05500030517578,75.51499938964844,75.51499938964844,445000
2007-06-15,54.81633377075195,76.37999725341797,76.66000366210938,76.29000091552734,76.51499938964844,364000
2007-06-18,54.73020553588867,76.26000213623047,76.54000091552734,76.18000030517578,76.4749984741211,532800
2007-06-19,54.88090133666992,76.47000122070312,76.5,76.00499725341797,76.19999694824219,588000
2007-06-20,54.15959930419922,75.46499633789062,76.65499877929688,75.44000244140625,76.65499877929688,806200
2007-06-21,54.428768157958984,75.83999633789062,75.92500305175781,75.01000213623047,75.43499755859375,957400
2007-06-22,53.969459533691406,75.19999694824219,75.69000244140625,74.87999725341797,75.5,670600
2007-06-25,53.58799362182617,74.38500213623047,75.20500183105469,74.1500015258789,74.73999786376953,642600
2007-06-26,53.15211868286133,73.77999877929688,74.74500274658203,73.75,74.72000122070312,603000
2007-06-27,53.93738555908203,74.87000274658203,74.87000274658203,73.58000183105469,73.74500274658203,456600
2007-06-28,53.930179595947266,74.86000061035156,75.2750015258789,74.80500030517578,74.8499984741211,310800
2007-06-29,53.807701110839844,74.69000244140625,75.43000030517578,74.2699966430664,75.15499877929688,292400
2007-07-02,54.43088150024414,75.55500030517578,75.62999725341797,74.75,74.75,412600
2007-07-03,54.665000915527344,75.87999725341797,75.8949966430664,75.67500305175781,75.75,221400
2007-07-05,54.636165618896484,75.83999633789062,75.98500061035156,75.5,75.98500061035156,375800
2007-07-06,54.938777923583984,76.26000213623047,76.29499816894531,75.69499969482422,75.9749984741211,285400
2007-07-09,54.909950256347656,76.22000122070312,76.42500305175781,76.01000213623047,76.42500305175781,272400
2007-07-10,54.15711975097656,75.17500305175781,75.95500183105469,75.08999633789062,75.875,365000
2007-07-11,54.5533332824707,75.7249984741211,75.73999786376953,74.95500183105469,75.16500091552734,417200
2007-07-12,55.37822341918945,76.87000274658203,76.96499633789062,75.94999694824219,76.05999755859375,375800
2007-07-13,55.543888092041016,77.0999984741211,77.33499908447266,76.80000305175781,76.91000366210938,341600
2007-07-16,55.50428771972656,77.04499816894531,77.3550033569336,76.86499786376953,77.12000274658203,338400
2007-07-17,55.47187423706055,77.0,77.30500030517578,76.91000366210938,77.09500122070312,493600
2007-07-18,55.34577941894531,76.82499694824219,76.88500213623047,76.17500305175781,76.41999816894531,984400
2007-07-19,55.479061126708984,77.01000213623047,77.2699966430664,76.96499633789062,77.19000244140625,335200
2007-07-20,54.98197555541992,76.31999969482422,77.08999633789062,75.95999908447266,77.08999633789062,795600
2007-07-23,55.09003829956055,76.47000122070312,76.83000183105469,76.44000244140625,76.5999984741211,803200
2007-07-24,54.124691009521484,75.12999725341797,76.1050033569336,74.80500030517578,75.95999908447266,619400
2007-07-25,54.135498046875,75.1449966430664,75.62000274658203,74.53500366210938,75.58499908447266,666400
2007-07-26,52.853153228759766,73.36499786376953,74.62999725341797,72.55999755859375,74.25,996000
2007-07-27,51.85898971557617,71.98500061035156,74.01499938964844,71.90499877929688,73.58499908447266,1243600
2007-07-30,52.626243591308594,73.05000305175781,73.2699966430664,72.07499694824219,72.47000122070312,1127400
2007-07-31,51.905818939208984,72.05000305175781,73.91999816894531,71.97000122070312,73.67500305175781,1254400
2007-08-01,52.212005615234375,72.4749984741211,72.73500061035156,71.33999633789062,72.03500366210938,1423000
2007-08-02,52.65504455566406,73.08999633789062,73.1500015258789,72.40499877929688,72.7249984741211,456400
2007-08-03,51.28626251220703,71.19000244140625,73.0,70.8550033569336,72.94999694824219,1675600
2007-08-06,52.15073776245117,72.38999938964844,72.5,70.58000183105469,71.46499633789062,1626600
2007-08-07,52.54338073730469,72.93499755859375,73.55500030517578,71.97000122070312,72.125,513000
2007-08-08,53.335838317871094,74.03500366210938,74.44999694824219,73.13999938964844,73.56500244140625,1631000
2007-08-09,51.88779830932617,72.0250015258789,73.625,71.98999786376953,72.82499694824219,703200
2007-08-10,51.768951416015625,71.86000061035156,72.61499786376953,70.86000061035156,71.38500213623047,968800
2007-08-13,51.86979293823242,72.0,72.84500122070312,72.0,72.84500122070312,1150000
2007-08-14,50.965667724609375,70.74500274658203,72.24500274658203,70.74500274658203,72.125,920200
2007-08-15,50.2849006652832,69.80000305175781,71.43499755859375,69.59500122070312,70.70999908447266,1019000
2007-08-16,50.60907745361328,70.25,70.25,67.87000274658203,69.0999984741211,2626200
2007-08-17,51.53120040893555,71.52999877929688,72.25,70.41000366210938,71.86000061035156,1781400
2007-08-20,51.63925552368164,71.68000030517578,72.0,70.94499969482422,71.84500122070312,1095800
2007-08-21,51.646461486816406,71.69000244140625,72.18000030517578,71.41500091552734,71.5250015258789,608400
2007-08-22,52.36687088012695,72.69000244140625,72.74500274658203,72.05999755859375,72.4800033569336,1192200
2007-08-23,52.28404998779297,72.57499694824219,73.12000274658203,72.1449966430664,73.1050033569336,1235400
2007-08-24,52.89638137817383,73.42500305175781,73.42500305175781,72.44999694824219,72.55000305175781,994200
2007-08-27,52.34526062011719,72.66000366210938,73.23999786376953,72.66000366210938,73.21499633789062,1178400
2007-08-28,51.271873474121094,71.16999816894531,72.3499984741211,71.02999877929688,72.28500366210938,2046000
2007-08-29,52.2912483215332,72.58499908447266,72.6449966430664,71.32499694824219,71.54000091552734,2224400
2007-08-30,52.15436553955078,72.3949966430664,72.91000366210938,71.9000015258789,71.9000015258789,1506400
2007-08-31,52.66945266723633,73.11000061035156,73.54000091552734,72.75499725341797,73.21499633789062,1065600
2007-09-04,53.28181076049805,73.95999908447266,74.37000274658203,73.05000305175781,73.05000305175781,1268600
2007-09-05,52.813514709472656,73.30999755859375,73.6050033569336,72.91500091552734,73.56500244140625,2152400
2007-09-06,52.97201919555664,73.52999877929688,73.69999694824219,72.96499633789062,73.33000183105469,1160400
2007-09-07,52.204803466796875,72.46499633789062,72.76499938964844,72.0199966430664,72.55000305175781,2222800
2007-09-10,51.98147201538086,72.15499877929688,72.7249984741211,71.44999694824219,72.65499877929688,816200
2007-09-11,52.662227630615234,73.0999984741211,73.12999725341797,72.3949966430664,72.4000015258789,636800
2007-09-12,52.842369079589844,73.3499984741211,73.47000122070312,72.80000305175781,72.9749984741211,997400
2007-09-13,53.04048156738281,73.625,73.94499969482422,73.27999877929688,73.45999908447266,753600
2007-09-14,53.087318420410156,73.69000244140625,73.75,73.12999725341797,73.15499877929688,782600
2007-09-17,52.80633544921875,73.30000305175781,73.55000305175781,73.05000305175781,73.48500061035156,573000
2007-09-18,54.27957534790039,75.34500122070312,75.40499877929688,73.375,73.66999816894531,1233200
2007-09-19,54.672210693359375,75.88999938964844,76.3949966430664,75.59500122070312,75.91999816894531,1256800
2007-09-20,54.340816497802734,75.43000030517578,75.93499755859375,75.25,75.81500244140625,770800
2007-09-21,54.47047424316406,75.61000061035156,76.0199966430664,75.61000061035156,75.82499694824219,503400
2007-09-24,54.31568145751953,75.07499694824219,75.66999816894531,74.91000366210938,75.375,823000
2007-09-25,54.189064025878906,74.9000015258789,75.04000091552734,74.46499633789062,74.55999755859375,1025000
2007-09-26,54.586952209472656,75.44999694824219,75.63500213623047,75.11000061035156,75.44000244140625,321400
2007-09-27,54.88724136352539,75.86499786376953,75.88999938964844,75.5,75.7249984741211,549400
2007-09-28,54.69551467895508,75.5999984741211,76.17500305175781,75.34500122070312,76.17500305175781,518800
2007-10-01,55.40088653564453,76.57499694824219,76.67500305175781,75.75,75.75,579200
2007-10-02,55.31044387817383,76.44999694824219,76.7300033569336,76.3499984741211,76.69999694824219,802200
2007-10-03,55.2236442565918,76.33000183105469,76.625,76.1449966430664,76.375,528000
2007-10-04,55.32853317260742,76.4749984741211,76.55000305175781,76.20999908447266,76.55000305175781,399000
2007-10-05,55.929012298583984,77.30500030517578,77.54499816894531,76.7699966430664,76.97000122070312,573600
2007-10-08,55.856693267822266,77.20500183105469,77.31500244140625,76.91500091552734,77.31500244140625,343800
2007-10-09,56.24739074707031,77.74500274658203,77.75,77.04499816894531,77.31999969482422,412000
2007-10-10,56.13884735107422,77.59500122070312,77.75,77.22000122070312,77.58499908447266,456600
2007-10-11,55.82050704956055,77.15499877929688,78.25499725341797,76.74500274658203,78.02999877929688,1170200
2007-10-12,56.09905242919922,77.54000091552734,77.63999938964844,77.125,77.25499725341797,325000
2007-10-15,55.6613655090332,76.93499755859375,77.61000061035156,76.5,77.61000061035156,524000
2007-10-16,55.267066955566406,76.38999938964844,76.75,76.22000122070312,76.5250015258789,665400
2007-10-17,55.306854248046875,76.44499969482422,76.95999908447266,75.68000030517578,76.95999908447266,414800
2007-10-18,55.321292877197266,76.46499633789062,76.58499908447266,76.01000213623047,76.33999633789062,212800
2007-10-19,53.89966583251953,74.5,76.11499786376953,74.375,76.11499786376953,886400
2007-10-22,54.16372299194336,74.86499786376953,74.97000122070312,73.90499877929688,73.90499877929688,610600
2007-10-23,54.55078125,75.4000015258789,75.48500061035156,74.66000366210938,75.33499908447266,971600
2007-10-24,54.514617919921875,75.3499984741211,75.37999725341797,73.98999786376953,75.1500015258789,1817800
2007-10-25,54.47843933105469,75.30000305175781,75.67500305175781,74.48500061035156,75.30000305175781,1041800
2007-10-26,55.13321304321289,76.20500183105469,76.20500183105469,75.41999816894531,76.07499694824219,550200
2007-10-29,55.35389709472656,76.51000213623047,76.65499877929688,76.22000122070312,76.54499816894531,470000
2007-10-30,54.959571838378906,75.96499633789062,76.33999633789062,75.87999725341797,76.18499755859375,555200
2007-10-31,55.675811767578125,76.95500183105469,77.08999633789062,75.86000061035156,76.36000061035156,374600
2007-11-01,54.26500701904297,75.00499725341797,76.11499786376953,74.83499908447266,76.11000061035156,808600
2007-11-02,54.25416564941406,74.98999786376953,75.25,74.19499969482422,75.25,765600
2007-11-05,53.82734298706055,74.4000015258789,74.96499633789062,73.94999694824219,74.8499984741211,586000
2007-11-06,54.572479248046875,75.43000030517578,75.43000030517578,74.33999633789062,75.31500244140625,413400
2007-11-07,53.06765365600586,73.3499984741211,74.94000244140625,73.29000091552734,74.68000030517578,1427400
2007-11-08,52.9989013671875,73.25499725341797,73.73999786376953,72.05999755859375,72.5,1493600
2007-11-09,52.3007698059082,72.29000091552734,73.24500274658203,72.00499725341797,72.09500122070312,690400
2007-11-12,51.620670318603516,71.3499984741211,72.7699966430664,71.31500244140625,71.93000030517578,922000
2007-11-13,53.12913513183594,73.43499755859375,73.55999755859375,72.13999938964844,72.34500122070312,577800
2007-11-14,52.944679260253906,73.18000030517578,74.1449966430664,72.88500213623047,74.02999877929688,664400
2007-11-15,52.18138122558594,72.125,73.16999816894531,71.75,72.93000030517578,359200
2007-11-16,52.387577056884766,72.41000366210938,72.68499755859375,71.68499755859375,72.68499755859375,866800
2007-11-19,51.53026580810547,71.2249984741211,72.04499816894531,71.0,71.90499877929688,650000
2007-11-20,51.72918701171875,71.5,72.07499694824219,70.37000274658203,71.79499816894531,977800
2007-11-21,50.82484817504883,70.25,71.19999694824219,70.19000244140625,70.76000213623047,766200
2007-11-23,51.584510803222656,71.30000305175781,71.7249984741211,70.70999908447266,71.7249984741211,595000
2007-11-26,50.57523727416992,69.90499877929688,71.7699966430664,69.83999633789062,71.37999725341797,1283000
2007-11-27,51.19384002685547,70.76000213623047,70.94999694824219,69.8949966430664,70.51000213623047,975600
2007-11-28,52.76019287109375,72.92500305175781,73.04000091552734,71.46499633789062,71.46499633789062,789000
2007-11-29,52.785484313964844,72.95999908447266,73.1500015258789,72.44999694824219,72.5,653200
2007-11-30,53.15808868408203,73.4749984741211,74.0,73.04000091552734,73.80500030517578,532200
2007-12-03,52.83612823486328,73.02999877929688,73.55000305175781,73.0,73.43000030517578,491000
2007-12-04,52.496097564697266,72.55999755859375,72.94999694824219,72.4749984741211,72.58499908447266,544200
2007-12-05,53.281070709228516,73.6449966430664,73.7750015258789,73.11499786376953,73.11499786376953,520600
2007-12-06,54.05160140991211,74.70999908447266,74.91000366210938,73.54499816894531,73.6050033569336,480000
2007-12-07,54.116703033447266,74.80000305175781,75.08000183105469,74.69000244140625,75.07499694824219,1367800
2007-12-10,54.57973098754883,75.44000244140625,75.51499938964844,74.8499984741211,75.125,1318200
2007-12-11,53.09297180175781,73.38500213623047,75.77999877929688,73.375,75.5,1135800
2007-12-12,53.42940902709961,73.8499984741211,75.77999877929688,72.96499633789062,75.77999877929688,781000
2007-12-13,53.436641693115234,73.86000061035156,73.94000244140625,72.95999908447266,73.72000122070312,608800
2007-12-14,52.70588302612305,72.8499984741211,73.78500366210938,72.81500244140625,73.25499725341797,403200
2007-12-17,51.89922332763672,71.73500061035156,72.59500122070312,71.66999816894531,72.5,928000
2007-12-18,52.27180862426758,72.25,72.45999908447266,71.17500305175781,72.33000183105469,906000
2007-12-19,52.2175407409668,72.17500305175781,72.61499786376953,71.73500061035156,72.375,1114000
2007-12-20,52.581607818603516,72.29000091552734,72.5,71.48999786376953,72.5,803200
2007-12-21,53.39260482788086,73.40499877929688,73.51000213623047,72.91500091552734,73.51000213623047,794800
2007-12-24,53.89087677001953,74.08999633789062,74.0999984741211,73.63999938964844,74.0,334400
2007-12-26,53.934513092041016,74.1500015258789,74.18499755859375,73.65499877929688,73.82499694824219,662800
2007-12-27,53.2580451965332,73.22000122070312,73.91000366210938,73.00499725341797,73.76499938964844,841400
2007-12-28,53.054405212402344,72.94000244140625,73.62999725341797,72.83000183105469,73.61499786376953,698800
2007-12-31,52.78889465332031,72.57499694824219,73.07499694824219,72.44000244140625,73.07499694824219,1137400
2008-01-02,52.16333770751953,71.71499633789062,72.80000305175781,71.3550033569336,72.5999984741211,1004600
2008-01-03,52.10152816772461,71.62999725341797,72.05000305175781,71.3499984741211,71.75,1166400
2008-01-04,50.708614349365234,69.71499633789062,71.0,69.69999694824219,70.83000183105469,1266200
2008-01-07,50.734073638916016,69.75,70.27999877929688,69.18000030517578,70.02999877929688,3562600
2008-01-08,49.82487106323242,68.5,70.58999633789062,68.36499786376953,70.09500122070312,2889800
2008-01-09,50.352210998535156,69.2249984741211,69.375,67.80000305175781,68.69000244140625,3371400
2008-01-10,50.68318176269531,69.68000030517578,70.375,68.63500213623047,68.86000061035156,2462800
2008-01-11,50.20673751831055,69.0250015258789,69.75,68.67500305175781,69.43499755859375,996600
2008-01-14,50.69044494628906,69.69000244140625,69.75499725341797,69.12999725341797,69.37999725341797,927000
2008-01-15,49.4611930847168,68.0,68.9749984741211,67.96499633789062,68.87000274658203,1058200
2008-01-16,49.16295623779297,67.58999633789062,68.58000183105469,67.11000061035156,67.61499786376953,2500800
2008-01-17,47.810062408447266,65.7300033569336,67.8949966430664,65.58000183105469,67.74500274658203,2218200
2008-01-18,47.486385345458984,65.28500366210938,66.57499694824219,64.63999938964844,66.0250015258789,2552800
2008-01-22,46.95901870727539,64.55999755859375,65.25499725341797,60.0,61.834999084472656,3836000
2008-01-23,48.188289642333984,66.25,66.25,62.67499923706055,62.9900016784668,2386600
2008-01-24,48.49742889404297,66.67500305175781,66.91000366210938,65.90499877929688,66.5999984741211,2846000
2008-01-25,47.791873931884766,65.70500183105469,67.59500122070312,65.58999633789062,67.59500122070312,2104800
2008-01-28,48.7920036315918,67.08000183105469,67.08000183105469,65.32499694824219,65.875,1608400
2008-01-29,48.992027282714844,67.3550033569336,67.53500366210938,66.75499725341797,67.41999816894531,945800
2008-01-30,48.54833221435547,66.74500274658203,68.55000305175781,66.69000244140625,67.16500091552734,1737600
2008-01-31,49.533935546875,68.0999984741211,68.62999725341797,65.88500213623047,65.98500061035156,1611200
2008-02-01,50.33402633666992,69.19999694824219,69.2249984741211,68.18499755859375,68.37999725341797,1152400
2008-02-04,49.73758316040039,68.37999725341797,69.2750015258789,68.3550033569336,69.2750015258789,1430800
2008-02-05,48.32649230957031,66.44000244140625,67.69999694824219,66.40499877929688,67.4800033569336,1677200
2008-02-06,47.95917510986328,65.93499755859375,67.1500015258789,65.73999786376953,66.88500213623047,1308800
2008-02-07,48.399234771728516,66.54000091552734,66.875,65.36499786376953,65.55000305175781,927000
2008-02-08,48.11555862426758,66.1500015258789,66.63999938964844,65.66999816894531,66.26000213623047,1173600
2008-02-11,48.39558410644531,66.53500366210938,66.69499969482422,65.61000061035156,66.05999755859375,1605200
2008-02-12,48.84292221069336,67.1500015258789,67.66999816894531,66.55500030517578,67.3949966430664,887400
2008-02-13,49.39935302734375,67.91500091552734,68.05500030517578,67.1500015258789,67.91500091552734,954400
2008-02-14,48.75929260253906,67.03500366210938,68.12999725341797,66.93499755859375,68.12999725341797,1227400
2008-02-15,48.77016067504883,67.05000305175781,67.16999816894531,66.44999694824219,67.16999816894531,787600
2008-02-19,48.92656326293945,67.26499938964844,68.19999694824219,66.83499908447266,68.19999694824219,1134400
2008-02-20,49.155696868896484,67.58000183105469,67.75,66.38500213623047,66.53500366210938,1755400
2008-02-21,48.606536865234375,66.82499694824219,68.03500366210938,66.56500244140625,67.97000122070312,1146400
2008-02-22,48.83202362060547,67.13500213623047,67.31999969482422,65.94999694824219,67.0199966430664,1572600
2008-02-25,49.65030288696289,68.26000213623047,68.30000305175781,66.86000061035156,67.20999908447266,1160800
2008-02-26,49.970340728759766,68.69999694824219,69.01000213623047,67.80000305175781,67.83000183105469,1607800
2008-02-27,49.890323638916016,68.58999633789062,69.08999633789062,68.21499633789062,68.34500122070312,1034000
2008-02-28,49.388450622558594,67.9000015258789,68.42500305175781,67.75,68.16000366210938,709000
2008-02-29,48.297386169433594,66.4000015258789,67.33499908447266,65.91500091552734,67.33499908447266,1094400
2008-03-03,48.12646484375,66.16500091552734,66.375,65.6050033569336,66.11499786376953,752600
2008-03-04,47.97370910644531,65.95500183105469,66.1449966430664,64.98999786376953,65.69999694824219,1223800
2008-03-05,48.242835998535156,66.32499694824219,66.79499816894531,65.65499877929688,66.23500061035156,1359200
2008-03-06,47.242679595947266,64.94999694824219,66.08499908447266,64.69999694824219,66.0,1012000
2008-03-07,46.733543395996094,64.25,65.2300033569336,63.70500183105469,64.30999755859375,1835800
2008-03-10,46.02072525024414,63.27000045776367,64.36499786376953,63.13999938964844,64.36499786376953,999000
2008-03-11,47.650047302246094,65.51000213623047,65.51000213623047,63.755001068115234,64.83499908447266,1195000
2008-03-12,47.195430755615234,64.88500213623047,66.08499908447266,64.88500213623047,65.69999694824219,665000
2008-03-13,47.500911712646484,65.30500030517578,65.63999938964844,63.6150016784668,63.8650016784668,1080000
2008-03-14,46.628089904785156,64.1050033569336,65.81500244140625,63.375,65.81500244140625,1683400
2008-03-17,46.08982467651367,63.3650016784668,63.875,62.41999816894531,62.599998474121094,2184600
2008-03-18,48.00643539428711,66.0,66.0,64.23999786376953,64.51499938964844,1506200
2008-03-19,46.722633361816406,64.23500061035156,66.48500061035156,64.23500061035156,66.34500122070312,868200
2008-03-20,47.70096206665039,65.58000183105469,65.875,64.16000366210938,64.99500274658203,1416800
2008-03-24,48.73381805419922,67.0,67.42500305175781,66.08499908447266,66.11000061035156,1368600
2008-03-25,48.80432891845703,66.78500366210938,67.08999633789062,66.23500061035156,66.66500091552734,1363200
2008-03-26,48.23067855834961,66.0,66.6449966430664,66.0,66.61499786376953,1088600
2008-03-27,48.0516357421875,65.75499725341797,66.58999633789062,65.58499908447266,66.42500305175781,1238000
2008-03-28,47.6241569519043,65.16999816894531,66.06500244140625,64.95999908447266,65.87999725341797,991200
2008-03-31,47.865299224853516,65.5,65.75,64.94999694824219,65.0999984741211,721400
2008-04-01,49.498573303222656,67.73500061035156,67.75,66.20999908447266,66.32499694824219,1025000
2008-04-02,49.53144073486328,67.77999877929688,68.19999694824219,67.41500091552734,67.8499984741211,633000
2008-04-03,49.589881896972656,67.86000061035156,68.09500122070312,67.25499725341797,67.38500213623047,627000
2008-04-04,49.60816955566406,67.88500213623047,68.43000030517578,67.49500274658203,67.94999694824219,655600
2008-04-07,49.63375473022461,67.91999816894531,68.68499755859375,67.80999755859375,68.44000244140625,705400
2008-04-08,49.54241943359375,67.79499816894531,67.8949966430664,67.45500183105469,67.55999755859375,599200
2008-04-09,49.09665298461914,67.18499755859375,67.86499786376953,66.8499984741211,67.83999633789062,623600
2008-04-10,49.3451042175293,67.5250015258789,67.78500366210938,66.91500091552734,67.12999725341797,436000
2008-04-11,48.33664321899414,66.1449966430664,66.96499633789062,66.0,66.82499694824219,697400
2008-04-14,48.17222213745117,65.91999816894531,66.29000091552734,65.80000305175781,66.0999984741211,776400
2008-04-15,48.402435302734375,66.23500061035156,66.30500030517578,65.67500305175781,66.30000305175781,595800
2008-04-16,49.60087966918945,67.875,67.875,66.79000091552734,66.79499816894531,665600
2008-04-17,49.66298294067383,67.95999908447266,68.0,67.31999969482422,67.62000274658203,842200
2008-04-18,50.34626007080078,68.8949966430664,69.19999694824219,68.58999633789062,68.90499877929688,1144800
2008-04-21,50.24028015136719,68.75,68.94000244140625,68.40499877929688,68.58499908447266,606200
2008-04-22,49.820106506347656,68.17500305175781,68.56999969482422,67.81999969482422,68.56999969482422,640200
2008-04-23,49.97355651855469,68.38500213623047,68.75,67.98999786376953,68.43499755859375,712000
2008-04-24,50.251277923583984,68.76499938964844,69.21499633789062,67.88999938964844,68.5,1118200
2008-04-25,50.63856506347656,69.29499816894531,69.37999725341797,68.38999938964844,69.1050033569336,896800
2008-04-28,50.61663818359375,69.26499938964844,69.58999633789062,69.1050033569336,69.42500305175781,658800
2008-04-29,50.40471649169922,68.9749984741211,69.30999755859375,68.75,69.17500305175781,871600
2008-04-30,50.20376205444336,68.69999694824219,69.69999694824219,68.66500091552734,69.19000244140625,973600
2008-05-01,51.088008880615234,69.91000366210938,69.91999816894531,68.5999984741211,68.69999694824219,876400
2008-05-02,51.2341423034668,70.11000061035156,70.5999984741211,69.70500183105469,70.58000183105469,1010200
2008-05-05,50.97105407714844,69.75,70.17500305175781,69.63999938964844,69.98500061035156,849000
2008-05-06,51.40587615966797,70.34500122070312,70.51499938964844,69.33499908447266,69.5,978200
2008-05-07,50.68241500854492,69.3550033569336,70.5,69.11000061035156,70.3499984741211,1258000
2008-05-08,50.58010482788086,69.21499633789062,69.69000244140625,69.02999877929688,69.44999694824219,758000
2008-05-09,50.55086135864258,69.17500305175781,69.30500030517578,68.75,68.84500122070312,723600
2008-05-12,51.0733757019043,69.88999938964844,69.88999938964844,68.96499633789062,69.29000091552734,860600
2008-05-13,51.13184356689453,69.97000122070312,70.09500122070312,69.53500366210938,70.08499908447266,1498400
2008-05-14,51.2926139831543,70.19000244140625,70.82499694824219,70.1500015258789,70.30000305175781,1250600
2008-05-15,51.8370361328125,70.93499755859375,71.0,70.13999938964844,70.25,2036600
2008-05-16,51.928367614746094,71.05999755859375,71.18000030517578,70.5,71.16999816894531,774800
2008-05-19,52.00873947143555,71.16999816894531,71.80000305175781,70.83499908447266,71.15499877929688,919000
2008-05-20,51.581260681152344,70.58499908447266,70.8550033569336,70.23999786376953,70.8550033569336,1100400
2008-05-21,50.715301513671875,69.4000015258789,70.80500030517578,69.2750015258789,70.69999694824219,2175200
2008-05-22,50.88700485229492,69.63500213623047,69.83499908447266,69.4000015258789,69.5250015258789,2396400
2008-05-23,50.15260314941406,68.62999725341797,69.3949966430664,68.58499908447266,69.25499725341797,1198800
2008-05-27,50.59108352661133,69.2300033569336,69.32499694824219,68.625,68.78500366210938,1256800
2008-05-28,50.89431381225586,69.6449966430664,69.6449966430664,68.98999786376953,69.47000122070312,692400
2008-05-29,51.1171989440918,69.94999694824219,70.4000015258789,69.5199966430664,69.52999877929688,680200
2008-05-30,51.215885162353516,70.08499908447266,70.36000061035156,70.0,70.19499969482422,1189800
2008-06-02,50.8066291809082,69.5250015258789,69.98999786376953,69.05999755859375,69.98500061035156,1322200
2008-06-03,50.5325813293457,69.1500015258789,69.91999816894531,68.76000213623047,69.76000213623047,1897200
2008-06-04,50.62396240234375,69.2750015258789,69.78500366210938,68.95999908447266,69.0,977200
2008-06-05,51.61048889160156,70.625,70.625,69.375,69.46499633789062,942200
2008-06-06,50.053958892822266,68.49500274658203,70.1050033569336,68.49500274658203,69.98999786376953,1401600
2008-06-09,50.094146728515625,68.55000305175781,69.0,67.9749984741211,68.75499725341797,1953800
2008-06-10,49.84202575683594,68.20500183105469,68.72000122070312,67.99500274658203,68.11000061035156,790800
2008-06-11,49.0893440246582,67.17500305175781,68.2699966430664,67.17500305175781,68.17500305175781,874000
2008-06-12,49.23549270629883,67.375,68.05999755859375,66.94000244140625,67.54499816894531,1118800
2008-06-13,49.966270446777344,68.375,68.375,67.5,67.7249984741211,1205200
2008-06-16,50.05028533935547,68.48999786376953,68.72000122070312,67.91999816894531,68.0,1008600
2008-06-17,49.69221496582031,68.0,68.8499984741211,68.0,68.8499984741211,1220200
2008-06-18,49.32684326171875,67.5,67.88999938964844,67.2300033569336,67.80000305175781,595400
2008-06-19,49.47297286987305,67.69999694824219,67.94999694824219,67.13999938964844,67.43000030517578,577900
2008-06-20,48.66915512084961,66.5999984741211,67.2300033569336,66.30999755859375,67.19999694824219,926600
2008-06-23,48.522987365722656,66.4000015258789,66.94000244140625,66.3499984741211,66.94000244140625,1169800
2008-06-24,48.28290939331055,65.76000213623047,66.44000244140625,65.4000015258789,65.97000122070312,963700
2008-06-25,48.62797164916992,66.2300033569336,66.91000366210938,66.05999755859375,66.05999755859375,1171200
2008-06-26,47.2182502746582,64.30999755859375,65.70999908447266,64.30999755859375,65.69999694824219,1620600
2008-06-27,47.152183532714844,64.22000122070312,64.69999694824219,63.83000183105469,64.36000061035156,1577400
2008-06-30,47.05672073364258,64.08999633789062,64.69999694824219,63.95000076293945,64.23999786376953,1010600
2008-07-01,47.27701950073242,64.38999938964844,64.38999938964844,63.150001525878906,63.4900016784668,1631500
2008-07-02,46.307830810546875,63.06999969482422,64.7300033569336,63.029998779296875,64.55999755859375,1119700
2008-07-03,46.26376724243164,63.0099983215332,63.5099983215332,62.47999954223633,63.470001220703125,1190600
2008-07-07,45.815887451171875,62.400001525878906,63.560001373291016,61.88999938964844,63.27000045776367,1455500
2008-07-08,46.66022491455078,63.54999923706055,63.630001068115234,61.900001525878906,62.36000061035156,1888100
2008-07-09,45.71310806274414,62.2599983215332,63.81999969482422,62.20000076293945,63.689998626708984,1815900
2008-07-10,45.99944305419922,62.650001525878906,62.91999816894531,61.84000015258789,62.31999969482422,1456600
2008-07-11,45.59563064575195,62.099998474121094,62.880001068115234,61.2599983215332,61.95000076293945,1519200
2008-07-14,45.14774703979492,61.4900016784668,62.939998626708984,61.279998779296875,62.939998626708984,1726100
2008-07-15,44.56770706176758,60.70000076293945,61.91999816894531,60.09000015258789,60.95000076293945,2949100
2008-07-16,45.59563064575195,62.099998474121094,62.439998626708984,60.70000076293945,60.939998626708984,2053000
2008-07-17,46.07285690307617,62.75,63.5099983215332,62.25,62.79999923706055,2702200
2008-07-18,46.32984161376953,63.099998474121094,63.33000183105469,62.77000045776367,63.33000183105469,3187000
2008-07-21,46.45465850830078,63.27000045776367,63.52000045776367,63.0,63.47999954223633,1926300
2008-07-22,47.07142639160156,64.11000061035156,64.1500015258789,62.650001525878906,62.86000061035156,2732400
2008-07-23,47.299034118652344,64.41999816894531,64.8499984741211,64.05000305175781,64.2300033569336,2901100
2008-07-24,46.19034957885742,62.90999984741211,64.5,62.75,64.5,2289600
2008-07-25,46.32984161376953,63.099998474121094,63.36000061035156,62.810001373291016,63.13999938964844,1962800
2008-07-28,45.70575714111328,62.25,63.38999938964844,62.0,63.38999938964844,2018600
2008-07-29,46.6749382019043,63.56999969482422,63.56999969482422,62.25,62.2599983215332,2603200
2008-07-30,47.299034118652344,64.41999816894531,64.45999908447266,63.5,63.810001373291016,2283100
2008-07-31,46.76303482055664,63.689998626708984,64.52999877929688,63.63999938964844,63.93000030517578,1907800
2008-08-01,46.557456970214844,63.40999984741211,63.93000030517578,63.0099983215332,63.86000061035156,2238500
2008-08-04,46.168331146240234,62.880001068115234,63.400001525878906,62.61000061035156,63.380001068115234,1165100
2008-08-05,47.35041427612305,64.48999786376953,64.48999786376953,63.16999816894531,63.2400016784668,958900
2008-08-06,47.4091796875,64.56999969482422,64.83000183105469,63.97999954223633,64.2699966430664,1769100
2008-08-07,46.733673095703125,63.650001525878906,64.4000015258789,63.47999954223633,64.33999633789062,1082500
2008-08-08,47.72487258911133,65.0,65.16000366210938,63.40999984741211,63.619998931884766,1044200
2008-08-11,48.20212936401367,65.6500015258789,66.01000213623047,64.8499984741211,64.97000122070312,1340100
2008-08-12,47.67347717285156,64.93000030517578,65.45999908447266,64.68000030517578,65.43000030517578,1212100
2008-08-13,47.5633544921875,64.77999877929688,65.18000030517578,64.19999694824219,64.69999694824219,1474400
2008-08-14,47.81299591064453,65.12000274658203,65.51000213623047,64.31999969482422,64.31999969482422,1612800
2008-08-15,48.092010498046875,65.5,65.69999694824219,65.08999633789062,65.45999908447266,1660800
2008-08-18,47.38713836669922,64.54000091552734,65.66999816894531,64.23999786376953,65.66999816894531,1846100
2008-08-19,46.88785934448242,63.86000061035156,64.2300033569336,63.619998931884766,64.16999816894531,2000200
2008-08-20,47.05672073364258,64.08999633789062,64.30999755859375,63.54999923706055,64.0,1757000
2008-08-21,47.18155288696289,64.26000213623047,64.5,63.68000030517578,63.72999954223633,1372300
2008-08-22,47.84236526489258,65.16000366210938,65.16000366210938,64.55000305175781,64.61000061035156,1487500
2008-08-25,46.836463928222656,63.790000915527344,64.7699966430664,63.630001068115234,64.7699966430664,1522300
2008-08-26,46.990665435791016,64.0,64.18000030517578,63.529998779296875,63.79999923706055,1304500
2008-08-27,47.30636978149414,64.43000030517578,64.72000122070312,63.939998626708984,64.06999969482422,1289200
2008-08-28,48.07731246948242,65.4800033569336,65.4800033569336,64.83999633789062,64.91000366210938,1798300
2008-08-29,47.445884704589844,64.62000274658203,65.36000061035156,64.62000274658203,65.16999816894531,1194600
2008-09-02,47.24764633178711,64.3499984741211,65.69999694824219,64.05000305175781,65.36000061035156,1421300
2008-09-03,47.15953063964844,64.2300033569336,64.55999755859375,63.75,64.33000183105469,1210200
2008-09-04,45.71310806274414,62.2599983215332,63.84000015258789,62.2599983215332,63.790000915527344,1554300
2008-09-05,45.98476028442383,62.630001068115234,62.7400016784668,61.290000915527344,61.97999954223633,3154000
2008-09-08,46.78506088256836,63.720001220703125,64.41999816894531,62.75,64.38999938964844,1530800
2008-09-09,45.16242599487305,61.5099983215332,63.790000915527344,61.5099983215332,63.650001525878906,1904300
2008-09-10,45.463470458984375,61.91999816894531,62.59000015258789,61.380001068115234,62.189998626708984,1427400
2008-09-11,46.10224151611328,62.790000915527344,62.81999969482422,60.95000076293945,61.29999923706055,1718300
2008-09-12,46.557456970214844,63.40999984741211,63.40999984741211,62.029998779296875,62.2599983215332,1160300
2008-09-15,44.42083740234375,60.5,62.290000915527344,60.310001373291016,61.20000076293945,2175600
2008-09-16,44.99355697631836,61.279998779296875,61.279998779296875,58.81999969482422,59.22999954223633,3943100
2008-09-17,42.98176193237305,58.540000915527344,60.45000076293945,58.33000183105469,60.13999938964844,2976300
2008-09-18,44.42083740234375,60.5,61.2599983215332,57.27000045776367,59.2599983215332,4643300
2008-09-19,46.56480026245117,63.41999816894531,63.41999816894531,62.33000183105469,63.41999816894531,2179700
2008-09-22,44.95684051513672,61.22999954223633,63.20000076293945,60.900001525878906,63.13999938964844,3319900
2008-09-23,44.1932373046875,60.189998626708984,61.7400016784668,60.02000045776367,61.040000915527344,4866400
2008-09-24,44.15338897705078,59.84000015258789,60.529998779296875,59.380001068115234,60.20000076293945,1858200
2008-09-25,44.94291305541992,60.90999984741211,61.209999084472656,59.939998626708984,60.75,2569400
2008-09-26,44.90602493286133,60.86000061035156,60.95000076293945,59.52000045776367,59.59000015258789,1947100
2008-09-29,41.94721221923828,56.849998474121094,60.04999923706055,55.88999938964844,59.880001068115234,4238100
2008-09-30,43.06136703491211,58.36000061035156,59.22999954223633,56.5,58.0,3219700
2008-10-01,43.009727478027344,58.290000915527344,58.52000045776367,57.16999816894531,58.290000915527344,3352700
2008-10-02,41.07651901245117,55.66999816894531,58.060001373291016,55.5,57.88999938964844,2146900
2008-10-03,40.44935607910156,54.81999969482422,57.5099983215332,54.630001068115234,56.5,2657000
2008-10-06,39.040042877197266,52.90999984741211,53.439998626708984,50.040000915527344,53.29999923706055,8437400
2008-10-07,36.65676498413086,49.68000030517578,53.380001068115234,49.599998474121094,53.18000030517578,3768000
2008-10-08,35.95579528808594,48.72999954223633,50.720001220703125,47.869998931884766,48.38999938964844,4013400
2008-10-09,33.69793701171875,45.66999816894531,50.06999969482422,45.20000076293945,49.56999969482422,5656700
2008-10-10,32.7239875793457,44.349998474121094,46.95000076293945,41.720001220703125,43.16999816894531,7935300
2008-10-13,36.922386169433594,50.040000915527344,50.22999954223633,46.65999984741211,47.04999923706055,7777500
2008-10-14,36.60511779785156,49.61000061035156,53.5,48.310001373291016,52.79999923706055,8395400
2008-10-15,33.181461334228516,44.970001220703125,48.63999938964844,44.86000061035156,48.47999954223633,4040800
2008-10-16,34.70881652832031,47.040000915527344,47.04999923706055,42.95000076293945,45.2400016784668,3862000
2008-10-17,34.384159088134766,46.599998474121094,48.900001525878906,45.52000045776367,45.619998931884766,4683200
2008-10-20,36.147647857666016,48.9900016784668,48.9900016784668,46.95000076293945,47.58000183105469,3323000
2008-10-21,35.055599212646484,47.5099983215332,49.0,47.349998474121094,48.439998626708984,5601200
2008-10-22,33.100284576416016,44.86000061035156,46.5099983215332,43.56999969482422,46.310001373291016,7077000
2008-10-23,33.51347732543945,45.41999816894531,45.779998779296875,42.470001220703125,44.95000076293945,8369700
2008-10-24,31.904966354370117,43.2400016784668,44.36000061035156,41.400001525878906,41.400001525878906,9436400
2008-10-27,30.87195587158203,41.84000015258789,44.06999969482422,41.75,42.5,11272400
2008-10-28,33.97096633911133,46.040000915527344,46.040000915527344,41.630001068115234,42.9900016784668,11192800
2008-10-29,33.63154983520508,45.58000183105469,47.79999923706055,45.45000076293945,45.5,13198500
2008-10-30,34.76784133911133,47.119998931884766,47.599998474121094,45.880001068115234,47.459999084472656,17878200
2008-10-31,35.53521728515625,48.15999984741211,48.790000915527344,46.720001220703125,47.33000183105469,19027600
2008-11-03,35.41716384887695,48.0,48.470001220703125,47.58000183105469,48.060001373291016,7864200
2008-11-04,36.69364929199219,49.72999954223633,49.88999938964844,48.66999816894531,49.130001068115234,9068100
2008-11-05,34.87853240966797,47.27000045776367,49.58000183105469,47.11000061035156,49.16999816894531,22995100
2008-11-06,33.166690826416016,44.95000076293945,47.209999084472656,44.66999816894531,46.779998779296875,21517500
2008-11-07,34.022613525390625,46.11000061035156,46.20000076293945,45.0,45.40999984741211,17076100
2008-11-10,33.646305084228516,45.599998474121094,47.279998779296875,44.95000076293945,47.16999816894531,9280200
2008-11-11,32.878929138183594,44.560001373291016,45.45000076293945,43.810001373291016,44.95000076293945,34453300
2008-11-12,31.196619033813477,42.279998779296875,43.88999938964844,42.08000183105469,43.63999938964844,26164200
2008-11-13,33.25522994995117,45.06999969482422,45.20000076293945,40.439998626708984,42.5,33461700
2008-11-14,31.83854866027832,43.150001525878906,45.31999969482422,43.0099983215332,44.0,13627900
2008-11-17,31.004772186279297,42.02000045776367,43.59000015258789,41.970001220703125,42.56999969482422,15957900
2008-11-18,31.292539596557617,42.40999984741211,42.83000183105469,40.810001373291016,41.9900016784668,21076700
2008-11-19,29.396255493164062,39.84000015258789,42.68000030517578,39.72999954223633,42.31999969482422,17829600
2008-11-20,27.433551788330078,37.18000030517578,40.369998931884766,36.810001373291016,39.33000183105469,22540600
2008-11-21,28.99043083190918,39.290000915527344,39.369998931884766,36.31999969482422,37.970001220703125,18959100
2008-11-24,30.717018127441406,41.630001068115234,42.4900016784668,39.68000030517578,40.0,42316200
2008-11-25,31.14495277404785,42.209999084472656,42.7599983215332,41.029998779296875,42.70000076293945,29997000
2008-11-26,32.296024322509766,43.77000045776367,43.849998474121094,41.33000183105469,41.400001525878906,21949900
2008-11-28,32.68709945678711,44.29999923706055,44.29999923706055,43.5099983215332,43.59000015258789,4245900
2008-12-01,29.765167236328125,40.34000015258789,43.119998931884766,40.20000076293945,43.09000015258789,11007700
2008-12-02,30.938365936279297,41.93000030517578,41.970001220703125,40.38999938964844,41.040000915527344,10204200
2008-12-03,31.735225677490234,43.0099983215332,43.119998931884766,40.84000015258789,40.97999954223633,13823000
2008-12-04,30.79080581665039,41.72999954223633,43.33000183105469,41.06999969482422,42.38999938964844,9723300
2008-12-05,31.882829666137695,43.209999084472656,43.45000076293945,40.36000061035156,41.08000183105469,25469500
2008-12-08,33.100284576416016,44.86000061035156,45.40999984741211,44.16999816894531,44.45000076293945,9452800
2008-12-09,32.495235443115234,44.040000915527344,45.380001068115234,43.7400016784668,44.4900016784668,11438500
2008-12-10,32.864166259765625,44.540000915527344,45.02000045776367,43.84000015258789,44.439998626708984,7436400
2008-12-11,31.94183921813965,43.290000915527344,44.83000183105469,42.91999816894531,44.13999938964844,6746200
2008-12-12,32.259124755859375,43.720001220703125,43.810001373291016,42.0,42.04999923706055,7858200
2008-12-15,31.727874755859375,43.0,44.0,42.45000076293945,43.90999984741211,8839700
2008-12-16,33.39542770385742,45.2599983215332,45.310001373291016,43.439998626708984,45.2599983215332,8988000
2008-12-17,33.15193557739258,44.93000030517578,45.689998626708984,44.470001220703125,44.79999923706055,7705200
2008-12-18,32.576412200927734,44.150001525878906,45.34000015258789,43.630001068115234,45.189998626708984,8333900
2008-12-19,32.54690170288086,44.11000061035156,45.099998474121094,43.97999954223633,44.470001220703125,6242800
2008-12-22,32.08964920043945,43.15999984741211,43.970001220703125,42.36000061035156,43.959999084472656,9594600
2008-12-23,31.747629165649414,42.70000076293945,43.56999969482422,42.5,43.400001525878906,10094300
2008-12-24,31.874013900756836,42.869998931884766,43.029998779296875,42.54999923706055,42.779998779296875,2333700
2008-12-26,32.2086067199707,43.31999969482422,43.31999969482422,42.86000061035156,43.25,3522900
2008-12-29,31.96324920654297,42.9900016784668,43.2599983215332,42.36000061035156,43.25,6012300
2008-12-30,32.803409576416016,44.119998931884766,44.119998931884766,43.11000061035156,43.290000915527344,8725900
2008-12-31,33.2643928527832,44.7400016784668,45.130001068115234,44.02000045776367,44.13999938964844,6680900
2009-01-02,34.2234992980957,46.029998779296875,46.2599983215332,44.560001373291016,44.880001068115234,7316000
2009-01-05,34.216064453125,46.02000045776367,46.40999984741211,45.5,45.88999938964844,7419100
2009-01-06,34.498592376708984,46.400001525878906,46.86000061035156,46.0099983215332,46.5,7686200
2009-01-07,33.53203201293945,45.099998474121094,45.83000183105469,44.810001373291016,45.709999084472656,6382300
2009-01-08,33.680728912353516,45.29999923706055,45.310001373291016,44.56999969482422,44.79999923706055,5518400
2009-01-09,32.8554573059082,44.189998626708984,45.41999816894531,44.150001525878906,45.369998931884766,5931900
2009-01-12,32.13425064086914,43.220001220703125,44.20000076293945,42.900001525878906,44.13999938964844,5924100
2009-01-13,32.178855895996094,43.279998779296875,43.59000015258789,42.84000015258789,43.029998779296875,8492400
2009-01-14,31.130538940429688,41.869998931884766,42.630001068115234,41.58000183105469,42.5099983215332,6675700
2009-01-15,31.24204444885254,42.02000045776367,42.439998626708984,40.56999969482422,41.810001373291016,9360600
2009-01-16,31.472530364990234,42.33000183105469,42.77000045776367,41.310001373291016,42.7599983215332,9328900
2009-01-20,29.836830139160156,40.130001068115234,42.06999969482422,40.029998779296875,42.0,9230000
2009-01-21,31.056171417236328,41.77000045776367,41.880001068115234,40.0,40.77000045776367,8915200
2009-01-22,30.520849227905273,41.04999923706055,41.75,40.310001373291016,40.95000076293945,13116500
2009-01-23,30.706729888916016,41.29999923706055,41.720001220703125,40.0,40.13999938964844,11839000
2009-01-26,30.87772560119629,41.529998779296875,42.40999984741211,41.09000015258789,41.5099983215332,8307800
2009-01-27,31.24204444885254,42.02000045776367,42.2599983215332,41.47999954223633,41.779998779296875,7171000
2009-01-28,32.320125579833984,43.470001220703125,43.70000076293945,42.7599983215332,42.900001525878906,7719500
2009-01-29,31.256929397583008,42.040000915527344,43.54999923706055,41.959999084472656,42.810001373291016,5493100
2009-01-30,30.58776092529297,41.13999938964844,42.380001068115234,40.849998474121094,42.209999084472656,6640200
2009-02-02,30.535709381103516,41.06999969482422,41.34000015258789,40.40999984741211,40.540000915527344,7746500
2009-02-03,30.96695327758789,41.650001525878906,41.90999984741211,40.880001068115234,41.310001373291016,6197800
2009-02-04,30.80337905883789,41.43000030517578,42.41999816894531,41.29999923706055,41.86000061035156,8225600
2009-02-05,31.294099807739258,42.09000015258789,42.40999984741211,40.849998474121094,41.13999938964844,6155400
2009-02-06,32.19373321533203,43.29999923706055,43.41999816894531,42.09000015258789,42.189998626708984,5202500
2009-02-09,32.201171875,43.310001373291016,43.650001525878906,42.939998626708984,43.29999923706055,3847000
2009-02-10,30.729026794433594,41.33000183105469,43.33000183105469,41.06999969482422,42.91999816894531,8626600
2009-02-11,30.914907455444336,41.58000183105469,41.84000015258789,41.0,41.58000183105469,7875200
2009-02-12,30.996694564819336,41.689998626708984,41.7599983215332,40.36000061035156,40.939998626708984,8848800
2009-02-13,30.684423446655273,41.27000045776367,41.970001220703125,41.2400016784668,41.61000061035156,5400600
2009-02-17,29.360984802246094,39.4900016784668,40.16999816894531,39.470001220703125,39.939998626708984,10271000
2009-02-18,29.264331817626953,39.36000061035156,39.81999969482422,38.97999954223633,39.810001373291016,9826600
2009-02-19,28.952045440673828,38.939998626708984,39.90999984741211,38.790000915527344,39.709999084472656,6115700
2009-02-20,28.610042572021484,38.47999954223633,38.95000076293945,37.650001525878906,38.13999938964844,9978900
2009-02-23,27.636058807373047,37.16999816894531,38.91999816894531,37.06999969482422,38.91999816894531,7559300
2009-02-24,28.639789581298828,38.52000045776367,38.7400016784668,37.150001525878906,37.400001525878906,8526000
2009-02-25,28.416749954223633,38.220001220703125,38.959999084472656,37.58000183105469,38.33000183105469,6295000
2009-02-26,27.896270751953125,37.52000045776367,38.88999938964844,37.5,38.630001068115234,5524900
2009-02-27,27.368392944335938,36.810001373291016,37.59000015258789,36.65999984741211,36.83000183105469,7456700
2009-03-02,26.09699821472168,35.099998474121094,36.27000045776367,34.95000076293945,36.040000915527344,8553900
2009-03-03,25.873947143554688,34.79999923706055,35.59000015258789,34.52000045776367,35.540000915527344,7251000
2009-03-04,26.439006805419922,35.560001373291016,36.15999984741211,34.970001220703125,35.349998474121094,6847500
2009-03-05,25.368366241455078,34.119998931884766,35.18000030517578,33.83000183105469,34.7599983215332,5771500
2009-03-06,25.360933303833008,34.11000061035156,34.900001525878906,33.2599983215332,34.400001525878906,6381500
2009-03-09,25.056100845336914,33.70000076293945,34.70000076293945,33.54999923706055,33.66999816894531,7974100
2009-03-10,26.65462303161621,35.849998474121094,35.880001068115234,34.36000061035156,34.41999816894531,5978000
2009-03-11,26.751283645629883,35.97999954223633,36.59000015258789,35.63999938964844,36.22999954223633,5740200
2009-03-12,27.851661682128906,37.459999084472656,37.619998931884766,35.650001525878906,35.9900016784668,5478100
2009-03-13,28.149072647094727,37.86000061035156,37.959999084472656,37.130001068115234,37.810001373291016,6277000
2009-03-16,27.992929458618164,37.650001525878906,38.68000030517578,37.59000015258789,38.29999923706055,5805600
2009-03-17,28.87769317626953,38.84000015258789,38.84000015258789,37.38999938964844,37.709999084472656,4114200
2009-03-18,29.494821548461914,39.66999816894531,40.18000030517578,38.27000045776367,38.650001525878906,7644800
2009-03-19,29.197418212890625,39.27000045776367,40.29999923706055,39.16999816894531,40.279998779296875,4713900
2009-03-20,28.580299377441406,38.439998626708984,39.5099983215332,38.310001373291016,39.41999816894531,3407100
2009-03-23,30.565446853637695,41.11000061035156,41.130001068115234,39.2400016784668,39.43000030517578,5687800
2009-03-24,29.955781936645508,40.290000915527344,41.20000076293945,40.290000915527344,40.650001525878906,5061400
2009-03-25,30.26872444152832,40.43000030517578,41.11000061035156,39.2400016784668,40.36000061035156,6892600
2009-03-26,31.024890899658203,41.439998626708984,41.45000076293945,40.5,40.91999816894531,6266300
2009-03-27,30.440916061401367,40.65999984741211,41.099998474121094,40.4900016784668,40.880001068115234,4531200
2009-03-30,29.370317459106445,39.22999954223633,39.779998779296875,38.790000915527344,39.779998779296875,5386200
2009-03-31,29.63235855102539,39.58000183105469,40.380001068115234,39.34000015258789,39.619998931884766,4491100
2009-04-01,30.22380828857422,40.369998931884766,40.4900016784668,38.95000076293945,39.11000061035156,3246400
2009-04-02,31.129697799682617,41.58000183105469,42.20000076293945,41.22999954223633,41.349998474121094,5423400
2009-04-03,31.519010543823242,42.099998474121094,42.13999938964844,41.25,41.61000061035156,5391600
2009-04-06,31.212051391601562,41.689998626708984,41.83000183105469,41.099998474121094,41.70000076293945,4136200
2009-04-07,30.41846466064453,40.630001068115234,41.25,40.619998931884766,41.029998779296875,3986500
2009-04-08,30.845205307006836,41.20000076293945,41.34000015258789,40.63999938964844,40.86000061035156,2255000
2009-04-09,32.09548568725586,42.869998931884766,42.869998931884766,42.08000183105469,42.279998779296875,3068700
2009-04-13,32.1403923034668,42.93000030517578,43.2400016784668,42.25,42.4900016784668,3069700
2009-04-14,31.54146957397461,42.130001068115234,42.86000061035156,42.0,42.52000045776367,3185000
2009-04-15,31.878374099731445,42.58000183105469,42.63999938964844,41.7400016784668,41.86000061035156,2905000
2009-04-16,32.42490768432617,43.310001373291016,43.599998474121094,42.36000061035156,42.939998626708984,3199200
2009-04-17,32.64200210571289,43.599998474121094,43.869998931884766,43.09000015258789,43.45000076293945,3490500
2009-04-20,31.256969451904297,41.75,43.09000015258789,41.709999084472656,42.79999923706055,2939000
2009-04-21,31.878374099731445,42.58000183105469,42.599998474121094,41.34000015258789,41.40999984741211,1438100
2009-04-22,31.743623733520508,42.400001525878906,43.310001373291016,42.08000183105469,42.16999816894531,5320300
2009-04-23,31.968215942382812,42.70000076293945,42.75,41.900001525878906,42.5099983215332,3654500
2009-04-24,32.52971649169922,43.45000076293945,43.7599983215332,42.880001068115234,43.09000015258789,4707200
2009-04-27,32.19282531738281,43.0,43.61000061035156,42.83000183105469,42.91999816894531,4221500
2009-04-28,32.1329231262207,42.91999816894531,43.41999816894531,42.45000076293945,42.52000045776367,3880400
2009-04-29,32.89655685424805,43.939998626708984,44.380001068115234,43.290000915527344,43.41999816894531,3673000
2009-04-30,32.88908386230469,43.93000030517578,44.790000915527344,43.7400016784668,44.540000915527344,4173900
2009-05-01,33.07624053955078,44.18000030517578,44.34000015258789,43.59000015258789,43.93000030517578,3597500
2009-05-04,34.20673370361328,45.689998626708984,45.689998626708984,44.459999084472656,44.56999969482422,3903700
2009-05-05,34.08694076538086,45.529998779296875,45.720001220703125,45.150001525878906,45.540000915527344,3588100
2009-05-06,34.61850357055664,46.2400016784668,46.279998779296875,45.45000076293945,46.06999969482422,4753400
2009-05-07,34.079463958740234,45.52000045776367,46.7400016784668,45.209999084472656,46.689998626708984,4578000
2009-05-08,34.850582122802734,46.54999923706055,46.70000076293945,45.77000045776367,46.08000183105469,3835800
2009-05-11,34.251651763916016,45.75,46.18000030517578,45.61000061035156,45.9900016784668,3891300
2009-05-12,34.16181945800781,45.630001068115234,46.11000061035156,44.97999954223633,46.040000915527344,3763900
2009-05-13,33.18854522705078,44.33000183105469,45.0,44.20000076293945,44.93000030517578,4119500
2009-05-14,33.52544403076172,44.779998779296875,45.04999923706055,44.130001068115234,44.310001373291016,2830200
2009-05-15,33.173580169677734,44.310001373291016,45.0,44.04999923706055,44.66999816894531,2686800
2009-05-18,34.19175338745117,45.66999816894531,45.689998626708984,44.68000030517578,44.75,2532400
2009-05-19,34.19923782348633,45.68000030517578,46.08000183105469,45.459999084472656,45.65999984741211,2250500
2009-05-20,34.00458908081055,45.41999816894531,46.540000915527344,45.310001373291016,46.11000061035156,2455500
2009-05-21,33.39067077636719,44.599998474121094,45.0099983215332,44.209999084472656,44.86000061035156,2764100
2009-05-22,33.41313934326172,44.630001068115234,45.06999969482422,44.43000030517578,44.7599983215332,1559500
2009-05-26,34.31155014038086,45.83000183105469,45.88999938964844,44.25,44.27000045776367,2225400
2009-05-27,33.73506164550781,45.060001373291016,46.04999923706055,44.959999084472656,45.810001373291016,2778800
2009-05-28,34.154327392578125,45.619998931884766,45.7599983215332,44.66999816894531,45.34000015258789,2831800
2009-05-29,34.685874938964844,46.33000183105469,46.36000061035156,45.5,45.880001068115234,2629300
2009-06-01,35.546852111816406,47.47999954223633,47.810001373291016,46.880001068115234,46.959999084472656,2552200
2009-06-02,35.689090728759766,47.66999816894531,47.91999816894531,47.29999923706055,47.400001525878906,3590800
2009-06-03,35.254878997802734,47.09000015258789,47.369998931884766,46.61000061035156,47.29999923706055,2144200
2009-06-04,35.606754302978516,47.560001373291016,47.599998474121094,46.88999938964844,47.25,2176600
2009-06-05,35.539363861083984,47.470001220703125,48.130001068115234,47.20000076293945,48.04999923706055,2765700
2009-06-08,35.44203567504883,47.34000015258789,47.779998779296875,46.7599983215332,47.25,2058500
2009-06-09,35.62919998168945,47.59000015258789,47.849998474121094,47.290000915527344,47.59000015258789,1885100
2009-06-10,35.539363861083984,47.470001220703125,48.099998474121094,46.880001068115234,48.06999969482422,2766900
2009-06-11,35.74898147583008,47.75,48.310001373291016,47.54999923706055,47.61000061035156,2324600
2009-06-12,35.7789421081543,47.790000915527344,47.79999923706055,47.2400016784668,47.52000045776367,1410900
2009-06-15,34.947914123535156,46.68000030517578,47.279998779296875,46.459999084472656,47.279998779296875,2761900
2009-06-16,34.461280822753906,46.029998779296875,46.91999816894531,45.970001220703125,46.880001068115234,1805200
2009-06-17,34.41636657714844,45.970001220703125,46.36000061035156,45.58000183105469,46.0099983215332,1585900
2009-06-18,34.6035270690918,46.220001220703125,46.4900016784668,45.790000915527344,46.08000183105469,2233500
2009-06-19,34.730812072753906,46.38999938964844,46.79999923706055,46.20000076293945,46.720001220703125,1394800
2009-06-22,33.72758483886719,45.04999923706055,46.02000045776367,45.040000915527344,46.0,2630200
2009-06-23,33.72758483886719,45.04999923706055,45.279998779296875,44.7400016784668,45.13999938964844,2142000
2009-06-24,33.993194580078125,45.18000030517578,45.650001525878906,44.939998626708984,45.29999923706055,3069500
2009-06-25,34.783199310302734,46.22999954223633,46.22999954223633,44.90999984741211,44.97999954223633,1841200
2009-06-26,34.71546936035156,46.13999938964844,46.349998474121094,45.86000061035156,46.04999923706055,1181400
2009-06-29,35.04652786254883,46.58000183105469,46.650001525878906,46.02000045776367,46.36000061035156,1671800
2009-06-30,34.81328201293945,46.27000045776367,46.75,45.900001525878906,46.61000061035156,2871600
2009-07-01,35.01643371582031,46.540000915527344,46.90999984741211,46.43000030517578,46.5,2159500
2009-07-02,34.0985221862793,45.31999969482422,45.88999938964844,45.18000030517578,45.88999938964844,1812800
2009-07-06,33.97059631347656,45.150001525878906,45.16999816894531,44.529998779296875,44.779998779296875,1877100
2009-07-07,33.27088928222656,44.220001220703125,45.099998474121094,44.15999984741211,45.06999969482422,1486800
2009-07-08,33.22572708129883,44.15999984741211,44.529998779296875,43.599998474121094,44.400001525878906,3177900
2009-07-09,33.293453216552734,44.25,44.58000183105469,44.08000183105469,44.439998626708984,1255800
2009-07-10,33.2106819152832,44.13999938964844,44.38999938964844,43.790000915527344,44.029998779296875,1503200
2009-07-13,33.97813415527344,45.15999984741211,45.209999084472656,43.88999938964844,44.31999969482422,1965000
2009-07-14,34.2188835144043,45.47999954223633,45.5,45.0,45.27000045776367,3939800
2009-07-15,35.24215316772461,46.84000015258789,46.959999084472656,46.029998779296875,46.099998474121094,2042400
2009-07-16,35.58824920654297,47.29999923706055,47.5,46.650001525878906,46.709999084472656,1762800
2009-07-17,35.60331344604492,47.31999969482422,47.41999816894531,47.0099983215332,47.290000915527344,1761500
2009-07-20,36.00206756591797,47.849998474121094,47.91999816894531,47.36000061035156,47.619998931884766,1956500
2009-07-21,36.16007995605469,48.060001373291016,48.2599983215332,47.45000076293945,48.220001220703125,2464000
2009-07-22,36.18265151977539,48.09000015258789,48.349998474121094,47.709999084472656,47.7400016784668,2460800
2009-07-23,37.04037094116211,49.22999954223633,49.400001525878906,48.08000183105469,48.099998474121094,1972700
2009-07-24,37.16075897216797,49.38999938964844,49.459999084472656,48.72999954223633,48.90999984741211,1639800
2009-07-27,37.31875228881836,49.599998474121094,49.61000061035156,49.060001373291016,49.349998474121094,1619700
2009-07-28,37.22848129272461,49.47999954223633,49.599998474121094,48.939998626708984,49.2599983215332,1511000
2009-07-29,37.04790496826172,49.2400016784668,49.369998931884766,48.900001525878906,49.11000061035156,1074600
2009-07-30,37.44667053222656,49.77000045776367,50.31999969482422,49.70000076293945,49.81999969482422,2054100
2009-07-31,37.50685119628906,49.849998474121094,50.150001525878906,49.630001068115234,49.779998779296875,1122700
2009-08-03,38.13886642456055,50.689998626708984,50.72999954223633,50.06999969482422,50.279998779296875,2769900
2009-08-04,38.281829833984375,50.880001068115234,50.95000076293945,50.369998931884766,50.45000076293945,1448300
2009-08-05,38.19153594970703,50.7599983215332,50.959999084472656,50.290000915527344,50.95000076293945,1726600
2009-08-06,37.92820739746094,50.40999984741211,51.029998779296875,50.20000076293945,51.0,1283300
2009-08-07,38.462406158447266,51.119998931884766,51.52000045776367,50.66999816894531,50.97999954223633,1463500
2009-08-10,38.37211608886719,51.0,51.150001525878906,50.65999984741211,50.93000030517578,1358700
2009-08-11,37.87553787231445,50.34000015258789,50.849998474121094,50.22999954223633,50.84000015258789,1335000
2009-08-12,38.28936004638672,50.88999938964844,51.31999969482422,50.29999923706055,50.310001373291016,1646800
2009-08-13,38.6279296875,51.34000015258789,51.36000061035156,50.66999816894531,51.18000030517578,1651600
2009-08-14,38.27430725097656,50.869998931884766,51.36000061035156,50.349998474121094,51.31999969482422,1975600
2009-08-17,37.2811393737793,49.54999923706055,49.95000076293945,49.470001220703125,49.91999816894531,2036400
2009-08-18,37.67238998413086,50.06999969482422,50.20000076293945,49.599998474121094,49.70000076293945,2236800
2009-08-19,37.99592971801758,50.5,50.619998931884766,49.58000183105469,49.66999816894531,1125500
2009-08-20,38.35706329345703,50.97999954223633,51.09000015258789,50.43000030517578,50.529998779296875,980100
2009-08-21,39.07183074951172,51.93000030517578,52.06999969482422,51.31999969482422,51.400001525878906,1644300
2009-08-24,39.1245002746582,52.0,52.4900016784668,51.779998779296875,52.25,2001900
2009-08-25,39.19975280761719,52.099998474121094,52.58000183105469,51.97999954223633,52.20000076293945,2144100
2009-08-26,39.16966247558594,52.060001373291016,52.349998474121094,51.77000045776367,51.97999954223633,2398700
2009-08-27,39.30508041381836,52.2400016784668,52.349998474121094,51.43000030517578,52.02000045776367,2014700
2009-08-28,39.27498245239258,52.20000076293945,52.709999084472656,51.86000061035156,52.59000015258789,1098300
2009-08-31,38.89878463745117,51.70000076293945,51.77000045776367,51.369998931884766,51.720001220703125,1154000
2009-09-01,38.04106521606445,50.560001373291016,52.11000061035156,50.439998626708984,51.41999816894531,1996900
2009-09-02,37.88303756713867,50.349998474121094,50.619998931884766,50.189998626708984,50.31999969482422,1460000
2009-09-03,38.229164123535156,50.810001373291016,50.869998931884766,50.209999084472656,50.560001373291016,917800
2009-09-04,38.718223571777344,51.459999084472656,51.54999923706055,50.72999954223633,50.880001068115234,897400
2009-09-08,39.10947799682617,51.97999954223633,52.099998474121094,51.720001220703125,52.02000045776367,1412600
2009-09-09,39.50070571899414,52.5,52.65999984741211,51.939998626708984,52.119998931884766,1760200
2009-09-10,39.906986236572266,53.040000915527344,53.040000915527344,52.220001220703125,52.54999923706055,2222000
2009-09-11,39.93709945678711,53.08000183105469,53.31999969482422,52.79999923706055,53.13999938964844,1291300
2009-09-14,40.14777755737305,53.36000061035156,53.40999984741211,52.59000015258789,52.630001068115234,1207200
2009-09-15,40.3433837890625,53.619998931884766,53.790000915527344,53.11000061035156,53.400001525878906,1684300
2009-09-16,40.975399017333984,54.459999084472656,54.5099983215332,53.650001525878906,53.790000915527344,2044700
2009-09-17,40.9001579284668,54.36000061035156,54.900001525878906,54.119998931884766,54.47999954223633,2068600
2009-09-18,40.960350036621094,54.439998626708984,54.650001525878906,54.22999954223633,54.58000183105469,1594000
2009-09-21,40.847496032714844,54.290000915527344,54.43000030517578,53.869998931884766,54.029998779296875,1248100
2009-09-22,41.08826446533203,54.61000061035156,54.779998779296875,54.380001068115234,54.63999938964844,1844300
2009-09-23,40.666908264160156,54.04999923706055,55.06999969482422,54.0099983215332,54.79999923706055,1878400
2009-09-24,40.23454666137695,53.22999954223633,54.11000061035156,52.97999954223633,53.95000076293945,1768600
2009-09-25,39.977569580078125,52.88999938964844,53.33000183105469,52.709999084472656,53.189998626708984,1387800
2009-09-28,40.72587585449219,53.880001068115234,54.0,53.08000183105469,53.09000015258789,1574900
2009-09-29,40.6578483581543,53.790000915527344,54.27000045776367,53.63999938964844,54.040000915527344,1754100
2009-09-30,40.506675720214844,53.59000015258789,53.9900016784668,53.0,53.959999084472656,1484700
2009-10-01,39.43334197998047,52.16999816894531,53.43000030517578,52.119998931884766,53.400001525878906,1451700
2009-10-02,39.19903564453125,51.86000061035156,52.18000030517578,51.56999969482422,51.599998474121094,1942000
2009-10-05,39.80372619628906,52.65999984741211,52.81999969482422,51.959999084472656,52.119998931884766,1194200
2009-10-06,40.393287658691406,53.439998626708984,53.7599983215332,53.060001373291016,53.13999938964844,1941300
2009-10-07,40.4839973449707,53.560001373291016,53.650001525878906,53.220001220703125,53.36000061035156,1255100
2009-10-08,40.83925247192383,54.029998779296875,54.31999969482422,53.7400016784668,54.0,2355600
2009-10-09,41.11893081665039,54.400001525878906,54.400001525878906,53.91999816894531,54.08000183105469,1532500
2009-10-12,41.27009201049805,54.599998474121094,54.84000015258789,54.380001068115234,54.630001068115234,868000
2009-10-13,41.156715393066406,54.45000076293945,54.560001373291016,54.08000183105469,54.47999954223633,831100
2009-10-14,41.889896392822266,55.41999816894531,55.47999954223633,54.869998931884766,55.11000061035156,1322200
2009-10-15,42.03352355957031,55.61000061035156,55.61000061035156,55.08000183105469,55.119998931884766,1113400
2009-10-16,41.72361373901367,55.20000076293945,55.36000061035156,54.79999923706055,55.099998474121094,2161200
2009-10-19,42.06374740600586,55.650001525878906,55.810001373291016,55.04999923706055,55.25,1088900
2009-10-20,41.80674362182617,55.310001373291016,55.7599983215332,55.02000045776367,55.7400016784668,1289100
2009-10-21,41.39859390258789,54.77000045776367,55.849998474121094,54.709999084472656,55.150001525878906,2223900
2009-10-22,41.84456253051758,55.36000061035156,55.4900016784668,54.36000061035156,54.7599983215332,1289800
2009-10-23,41.30789566040039,54.650001525878906,55.54999923706055,54.439998626708984,55.54999923706055,1397500
2009-10-26,40.83925247192383,54.029998779296875,55.279998779296875,53.869998931884766,54.720001220703125,2158100
2009-10-27,40.620059967041016,53.7400016784668,55.0,53.599998474121094,54.11000061035156,2151600
2009-10-28,39.73569107055664,52.56999969482422,53.70000076293945,52.47999954223633,53.5099983215332,2342300
2009-10-29,40.53691864013672,53.630001068115234,53.77000045776367,52.869998931884766,52.95000076293945,2975500
2009-10-30,39.44092559814453,52.18000030517578,53.630001068115234,52.060001373291016,53.45000076293945,3381100
2009-11-02,39.66011047363281,52.470001220703125,53.029998779296875,51.79999923706055,52.470001220703125,2723300
2009-11-03,39.841495513916016,52.709999084472656,52.779998779296875,52.04999923706055,52.150001525878906,1622500
2009-11-04,39.909549713134766,52.79999923706055,53.54999923706055,52.70000076293945,53.22999954223633,1880300
2009-11-05,40.672969818115234,53.810001373291016,53.84000015258789,53.099998474121094,53.209999084472656,1980000
2009-11-06,40.77878189086914,53.95000076293945,54.13999938964844,53.43000030517578,53.560001373291016,1946600
2009-11-09,41.693389892578125,55.15999984741211,55.15999984741211,54.380001068115234,54.439998626708984,1830400
2009-11-10,41.70849609375,55.18000030517578,55.349998474121094,54.849998474121094,55.029998779296875,1837200
2009-11-11,41.92013168334961,55.459999084472656,55.810001373291016,55.18000030517578,55.5,1967200
2009-11-12,41.45150375366211,54.84000015258789,55.66999816894531,54.68000030517578,55.38999938964844,1767800
2009-11-13,41.693389892578125,55.15999984741211,55.36000061035156,54.66999816894531,55.0,1788800
2009-11-16,42.32075119018555,55.9900016784668,56.220001220703125,55.5099983215332,55.56999969482422,2485800
2009-11-17,42.366092681884766,56.04999923706055,56.099998474121094,55.650001525878906,55.869998931884766,1666100
2009-11-18,42.33586502075195,56.0099983215332,56.119998931884766,55.70000076293945,56.04999923706055,1530100
2009-11-19,41.731170654296875,55.209999084472656,55.619998931884766,54.849998474121094,55.56999969482422,1898800
2009-11-20,41.60266876220703,55.040000915527344,55.150001525878906,54.75,54.939998626708984,1109100
2009-11-23,42.093971252441406,55.689998626708984,56.119998931884766,55.540000915527344,55.68000030517578,1753200
2009-11-24,42.12422180175781,55.72999954223633,55.810001373291016,55.27000045776367,55.810001373291016,2452800
2009-11-25,42.2905158996582,55.95000076293945,55.9900016784668,55.65999984741211,55.84000015258789,1407900
2009-11-27,41.58000183105469,55.0099983215332,55.41999816894531,54.29999923706055,54.40999984741211,865100
2009-11-30,41.68583297729492,55.150001525878906,55.2599983215332,54.63999938964844,55.0,2746200
2009-12-01,42.199806213378906,55.83000183105469,56.029998779296875,55.56999969482422,55.68000030517578,1958300
2009-12-02,42.32075119018555,55.9900016784668,56.33000183105469,55.75,55.88999938964844,1293700
2009-12-03,41.94282913208008,55.4900016784668,56.43000030517578,55.43000030517578,56.11000061035156,1349800
2009-12-04,42.252708435058594,55.900001525878906,56.54999923706055,55.33000183105469,56.29999923706055,2489800
2009-12-07,42.199806213378906,55.83000183105469,56.150001525878906,55.65999984741211,55.880001068115234,1233300
2009-12-08,41.76140594482422,55.25,55.58000183105469,55.040000915527344,55.43000030517578,1320600
2009-12-09,41.897464752197266,55.43000030517578,55.5099983215332,54.939998626708984,55.22999954223633,1433500
2009-12-10,42.109100341796875,55.709999084472656,55.970001220703125,55.61000061035156,55.75,940600
2009-12-11,42.32075119018555,55.9900016784668,56.060001373291016,55.66999816894531,55.88999938964844,1291500
2009-12-14,42.63819885253906,56.40999984741211,56.45000076293945,56.08000183105469,56.369998931884766,1283700
2009-12-15,42.45680236816406,56.16999816894531,56.459999084472656,56.04999923706055,56.27000045776367,1641300
2009-12-16,42.56260681152344,56.310001373291016,56.599998474121094,56.189998626708984,56.45000076293945,1906500
2009-12-17,42.086429595947266,55.68000030517578,56.02000045776367,55.56999969482422,55.900001525878906,1845700
2009-12-18,42.343406677246094,56.02000045776367,56.029998779296875,55.5,55.95000076293945,2113100
2009-12-21,42.75916290283203,56.56999969482422,56.75,56.279998779296875,56.279998779296875,3190800
2009-12-22,42.97822189331055,56.5,56.59000015258789,56.29999923706055,56.380001068115234,3581300
2009-12-23,43.12275695800781,56.689998626708984,56.7400016784668,56.38999938964844,56.650001525878906,1297200
2009-12-24,43.34333801269531,56.97999954223633,57.0,56.779998779296875,56.790000915527344,607400
2009-12-28,43.396602630615234,57.04999923706055,57.220001220703125,56.849998474121094,57.220001220703125,1742400
2009-12-29,43.32052993774414,56.95000076293945,57.25,56.95000076293945,57.25,1527000
2009-12-30,43.3053092956543,56.93000030517578,57.0,56.75,56.779998779296875,1592300
2009-12-31,42.87933349609375,56.369998931884766,57.04999923706055,56.369998931884766,57.02000045776367,1322000
2010-01-04,43.5943717956543,57.310001373291016,57.380001068115234,56.84000015258789,56.86000061035156,2251500
2010-01-05,43.76171875,57.529998779296875,57.540000915527344,57.11000061035156,57.34000015258789,1597700
2010-01-06,43.82257080078125,57.61000061035156,57.720001220703125,57.40999984741211,57.5,2120300
2010-01-07,44.0051383972168,57.849998474121094,57.88999938964844,57.290000915527344,57.54999923706055,1656700
2010-01-08,44.1496696472168,58.040000915527344,58.04999923706055,57.560001373291016,57.70000076293945,1650000
2010-01-11,44.210514068603516,58.119998931884766,58.349998474121094,57.849998474121094,58.29999923706055,1883100
2010-01-12,43.75412368774414,57.52000045776367,57.81999969482422,57.29999923706055,57.75,1730100
2010-01-13,44.164878845214844,58.060001373291016,58.18000030517578,57.36000061035156,57.709999084472656,1825200
2010-01-14,44.240936279296875,58.15999984741211,58.279998779296875,57.939998626708984,58.02000045776367,1667100
2010-01-15,43.738895416259766,57.5,58.150001525878906,57.29999923706055,58.099998474121094,2785900
2010-01-19,44.317012786865234,58.2599983215332,58.290000915527344,57.52000045776367,57.54999923706055,2546700
2010-01-20,43.9062385559082,57.720001220703125,57.900001525878906,57.209999084472656,57.900001525878906,2755100
2010-01-21,43.09992980957031,56.65999984741211,57.90999984741211,56.56999969482422,57.720001220703125,4350700
2010-01-22,42.14910125732422,55.40999984741211,56.599998474121094,55.310001373291016,56.400001525878906,4423000
2010-01-25,42.331642150878906,55.650001525878906,55.970001220703125,55.459999084472656,55.880001068115234,2781100
2010-01-26,42.1414680480957,55.400001525878906,55.9900016784668,55.27000045776367,55.45000076293945,1704300
2010-01-27,42.34685134887695,55.66999816894531,55.75,54.869998931884766,55.29999923706055,2077900
2010-01-28,41.844810485839844,55.0099983215332,55.88999938964844,54.650001525878906,55.88999938964844,2235100
2010-01-29,41.35036849975586,54.36000061035156,55.650001525878906,54.279998779296875,55.2400016784668,2421800
2010-02-01,41.98173904418945,55.189998626708984,55.2400016784668,54.70000076293945,54.720001220703125,2132800
2010-02-02,42.52180480957031,55.900001525878906,56.029998779296875,55.130001068115234,55.34000015258789,2565500
2010-02-03,42.3088264465332,55.619998931884766,55.91999816894531,55.43000030517578,55.66999816894531,1352600
2010-02-04,40.99285888671875,53.88999938964844,55.18000030517578,53.86000061035156,55.16999816894531,3029700
2010-02-05,41.06132507324219,53.97999954223633,54.06999969482422,52.81999969482422,53.880001068115234,5416200
2010-02-08,40.74183654785156,53.560001373291016,54.29999923706055,53.540000915527344,54.02000045776367,1494300
2010-02-09,41.28192138671875,54.27000045776367,54.70000076293945,53.75,54.15999984741211,2191500
2010-02-10,41.22105026245117,54.189998626708984,54.459999084472656,53.70000076293945,54.20000076293945,1340800
2010-02-11,41.66225814819336,54.77000045776367,54.84000015258789,53.7599983215332,54.06999969482422,1302300
2010-02-12,41.66225814819336,54.77000045776367,54.810001373291016,54.0,54.220001220703125,2189100
2010-02-16,42.362056732177734,55.689998626708984,55.77000045776367,55.040000915527344,55.2400016784668,1186500
2010-02-17,42.597904205322266,56.0,56.08000183105469,55.7400016784668,55.9900016784668,1936000
2010-02-18,42.84130096435547,56.31999969482422,56.439998626708984,55.869998931884766,55.939998626708984,1537400
2010-02-19,42.99343490600586,56.52000045776367,56.66999816894531,56.060001373291016,56.150001525878906,1863000
2010-02-22,42.92497253417969,56.43000030517578,56.720001220703125,56.31999969482422,56.709999084472656,3049500
2010-02-23,42.40769577026367,55.75,56.47999954223633,55.61000061035156,56.310001373291016,2144700
2010-02-24,42.788055419921875,56.25,56.34000015258789,55.790000915527344,55.93000030517578,1689100
2010-02-25,42.772830963134766,56.22999954223633,56.2400016784668,55.290000915527344,55.459999084472656,2956100
2010-02-26,42.772830963134766,56.22999954223633,56.40999984741211,55.90999984741211,56.220001220703125,1272600
2010-03-01,43.28249740600586,56.900001525878906,56.939998626708984,56.470001220703125,56.4900016784668,1580100
2010-03-02,43.419429779052734,57.08000183105469,57.369998931884766,57.0,57.16999816894531,1988900
2010-03-03,43.472660064697266,57.150001525878906,57.52000045776367,57.040000915527344,57.279998779296875,1617900
2010-03-04,43.58676528930664,57.29999923706055,57.400001525878906,57.0099983215332,57.279998779296875,1636600
2010-03-05,44.27897262573242,58.209999084472656,58.22999954223633,57.560001373291016,57.7400016784668,2699100
2010-03-08,44.286582946777344,58.220001220703125,58.349998474121094,58.11000061035156,58.220001220703125,2027600
2010-03-09,44.37786102294922,58.34000015258789,58.61000061035156,58.02000045776367,58.04999923706055,4736900
2010-03-10,44.61366271972656,58.650001525878906,58.779998779296875,58.34000015258789,58.40999984741211,1949600
2010-03-11,44.78102111816406,58.869998931884766,58.880001068115234,58.27000045776367,58.439998626708984,2391700
2010-03-12,44.78102111816406,58.869998931884766,59.150001525878906,58.70000076293945,59.13999938964844,1227600
2010-03-15,44.765804290771484,58.849998474121094,58.900001525878906,58.41999816894531,58.810001373291016,1624900
2010-03-16,45.13093566894531,59.33000183105469,59.38999938964844,58.86000061035156,58.97999954223633,1047800
2010-03-17,45.419986724853516,59.709999084472656,59.93000030517578,59.5099983215332,59.529998779296875,2022900
2010-03-18,45.36675262451172,59.63999938964844,59.79999923706055,59.41999816894531,59.7400016784668,2714900
2010-03-19,45.07008743286133,59.25,59.83000183105469,59.040000915527344,59.25,2010400
2010-03-22,45.38956832885742,59.66999816894531,59.7400016784668,58.86000061035156,58.90999984741211,1643100
2010-03-23,45.70903778076172,60.09000015258789,60.130001068115234,59.529998779296875,59.7599983215332,2298500
2010-03-24,45.44282531738281,59.7400016784668,60.04999923706055,59.68000030517578,59.900001525878906,1569000
2010-03-25,45.36338424682617,59.400001525878906,60.16999816894531,59.310001373291016,59.93000030517578,2437800
2010-03-26,45.35574722290039,59.38999938964844,59.779998779296875,59.099998474121094,59.4900016784668,1206300
2010-03-29,45.623046875,59.7400016784668,59.84000015258789,59.54999923706055,59.650001525878906,2434700
2010-03-30,45.64595413208008,59.77000045776367,60.0,59.529998779296875,59.849998474121094,1927500
2010-03-31,45.50849533081055,59.59000015258789,59.880001068115234,59.40999984741211,59.59000015258789,1346000
2010-04-01,45.83688735961914,60.02000045776367,60.22999954223633,59.630001068115234,60.0099983215332,1339600
2010-04-05,46.279815673828125,60.599998474121094,60.61000061035156,60.099998474121094,60.2599983215332,1458300
2010-04-06,46.40964889526367,60.77000045776367,60.869998931884766,60.36000061035156,60.459999084472656,1332000
2010-04-07,46.165252685546875,60.45000076293945,60.790000915527344,60.13999938964844,60.689998626708984,1348300
2010-04-08,46.272178649902344,60.59000015258789,60.70000076293945,60.02000045776367,60.189998626708984,1335900
2010-04-09,46.585296630859375,61.0,61.04999923706055,60.61000061035156,60.7599983215332,1585500
2010-04-12,46.69221496582031,61.13999938964844,61.27000045776367,61.0099983215332,61.13999938964844,1277000
2010-04-13,46.7380256652832,61.20000076293945,61.290000915527344,60.75,61.119998931884766,1184300
2010-04-14,47.31081771850586,61.95000076293945,61.95000076293945,61.349998474121094,61.439998626708984,1011200
2010-04-15,47.371910095214844,62.029998779296875,62.150001525878906,61.84000015258789,61.900001525878906,1120500
2010-04-16,46.63112258911133,61.060001373291016,61.90999984741211,60.709999084472656,61.810001373291016,2086900
2010-04-19,46.753318786621094,61.220001220703125,61.27000045776367,60.52000045776367,60.880001068115234,1311800
2010-04-20,47.19625473022461,61.79999923706055,61.83000183105469,61.38999938964844,61.599998474121094,1004900
2010-04-21,47.15806198120117,61.75,61.97999954223633,61.380001068115234,61.849998474121094,1271100
2010-04-22,47.38716125488281,62.04999923706055,62.099998474121094,60.95000076293945,61.400001525878906,447800
2010-04-23,47.70793533325195,62.470001220703125,62.4900016784668,61.81999969482422,62.02000045776367,1384500
2010-04-26,47.539920806884766,62.25,62.650001525878906,62.18000030517578,62.54999923706055,1701700
2010-04-27,46.394378662109375,60.75,62.20000076293945,60.619998931884766,61.95000076293945,2555300
2010-04-28,46.69984436035156,61.150001525878906,61.33000183105469,60.619998931884766,61.06999969482422,1876400
2010-04-29,47.31081771850586,61.95000076293945,62.06999969482422,61.52000045776367,61.59000015258789,1347100
2010-04-30,46.50129318237305,60.88999938964844,62.04999923706055,60.849998474121094,61.9900016784668,1892800
2010-05-03,47.127525329589844,61.709999084472656,61.81999969482422,61.04999923706055,61.150001525878906,1057900
2010-05-04,45.98198699951172,60.209999084472656,61.02000045776367,59.869998931884766,61.02000045776367,2658000
2010-05-05,45.607765197753906,59.720001220703125,60.27000045776367,59.29999923706055,59.619998931884766,2728200
2010-05-06,44.07274627685547,57.709999084472656,59.81999969482422,29.760000228881836,59.459999084472656,6153600
2010-05-07,43.24032211303711,56.619998931884766,58.099998474121094,55.84000015258789,57.66999816894531,5416700
2010-05-10,45.225921630859375,59.220001220703125,59.5,58.59000015258789,59.13999938964844,4080900
2010-05-11,45.1877326965332,59.16999816894531,59.91999816894531,58.619998931884766,58.72999954223633,2164100
2010-05-12,45.91324234008789,60.119998931884766,60.20000076293945,59.369998931884766,59.40999984741211,1394400
2010-05-13,45.36338806152344,59.400001525878906,60.29999923706055,59.36000061035156,60.029998779296875,1289700
2010-05-14,44.54624557495117,58.33000183105469,59.060001373291016,57.77000045776367,58.970001220703125,1997300
2010-05-17,44.57679748535156,58.369998931884766,58.689998626708984,57.16999816894531,58.439998626708984,1838600
2010-05-18,43.94292068481445,57.540000915527344,59.02000045776367,57.33000183105469,58.84000015258789,2967700
2010-05-19,43.62980651855469,57.130001068115234,57.720001220703125,56.400001525878906,57.16999816894531,2300900
2010-05-20,41.93441390991211,54.90999984741211,56.09000015258789,54.81999969482422,55.869998931884766,4710900
2010-05-21,42.545352935791016,55.709999084472656,55.849998474121094,53.83000183105469,53.9900016784668,3682200
2010-05-24,42.01076889038086,55.0099983215332,55.849998474121094,54.939998626708984,55.38999938964844,1564400
2010-05-25,42.01076889038086,55.0099983215332,55.060001373291016,53.189998626708984,53.70000076293945,4895500
2010-05-26,41.83512878417969,54.779998779296875,55.970001220703125,54.599998474121094,55.45000076293945,1742900
2010-05-27,43.30141067504883,56.70000076293945,56.70000076293945,55.650001525878906,55.880001068115234,2101500
2010-05-28,42.835567474365234,56.09000015258789,56.65999984741211,55.720001220703125,56.65999984741211,1535000
2010-06-01,41.949676513671875,54.93000030517578,56.279998779296875,54.869998931884766,55.43000030517578,1900000
2010-06-02,43.04176330566406,56.36000061035156,56.380001068115234,54.9900016784668,55.25,2962200
2010-06-03,43.2708740234375,56.65999984741211,56.79999923706055,56.04999923706055,56.529998779296875,1943500
2010-06-04,41.75113296508789,54.66999816894531,55.93000030517578,54.40999984741211,55.54999923706055,1940100
2010-06-07,41.0714225769043,53.779998779296875,54.97999954223633,53.7599983215332,54.779998779296875,1880200
2010-06-08,41.422733306884766,54.2400016784668,54.36000061035156,53.2599983215332,53.869998931884766,3281500
2010-06-09,41.231807708740234,53.9900016784668,55.18000030517578,53.810001373291016,54.599998474121094,3009700
2010-06-10,42.499542236328125,55.650001525878906,55.689998626708984,54.880001068115234,54.93000030517578,2065900
2010-06-11,42.75920104980469,55.9900016784668,56.02000045776367,55.099998474121094,55.16999816894531,2089600
2010-06-14,42.76683807373047,56.0,56.83000183105469,55.93000030517578,56.45000076293945,2438200
2010-06-15,43.72908020019531,57.2599983215332,57.33000183105469,56.27000045776367,56.349998474121094,2285500
2010-06-16,43.683265686035156,57.20000076293945,57.5,56.849998474121094,57.0,2221900
2010-06-17,43.759639739990234,57.29999923706055,57.45000076293945,56.7400016784668,57.380001068115234,2050600
2010-06-18,43.790184020996094,57.34000015258789,57.54999923706055,57.13999938964844,57.41999816894531,4139100
2010-06-21,43.622169494628906,57.119998931884766,58.130001068115234,56.84000015258789,58.08000183105469,1499500
2010-06-22,42.873748779296875,56.13999938964844,57.40999984741211,56.060001373291016,57.16999816894531,1523600
2010-06-23,42.70573043823242,55.91999816894531,56.380001068115234,55.540000915527344,56.189998626708984,1661200
2010-06-24,42.0296745300293,54.77000045776367,55.47999954223633,54.61000061035156,55.439998626708984,1815900
2010-06-25,42.24455261230469,55.04999923706055,55.290000915527344,54.43000030517578,54.93000030517578,2053300
2010-06-28,42.106407165527344,54.869998931884766,55.33000183105469,54.70000076293945,55.099998474121094,1585300
2010-06-29,40.778846740722656,53.13999938964844,54.150001525878906,52.790000915527344,54.08000183105469,3209800
2010-06-30,40.333744049072266,52.560001373291016,53.5,52.41999816894531,53.029998779296875,2394300
2010-07-01,40.157257080078125,52.33000183105469,52.720001220703125,51.459999084472656,52.5,4678400
2010-07-02,39.96540069580078,52.08000183105469,52.689998626708984,51.7599983215332,52.54999923706055,3750800
2010-07-06,40.08818817138672,52.2400016784668,53.13999938964844,51.790000915527344,52.779998779296875,2452000
2010-07-07,41.392730712890625,53.939998626708984,53.9900016784668,52.310001373291016,52.369998931884766,2279100
2010-07-08,41.799442291259766,54.470001220703125,54.56999969482422,53.849998474121094,54.41999816894531,1214000
2010-07-09,42.12174987792969,54.88999938964844,54.93000030517578,54.380001068115234,54.529998779296875,954000
2010-07-12,42.13710403442383,54.90999984741211,55.130001068115234,54.5,54.86000061035156,1570100
2010-07-13,42.82776641845703,55.810001373291016,56.029998779296875,55.400001525878906,55.540000915527344,1582200
2010-07-14,42.820072174072266,55.79999923706055,56.060001373291016,55.439998626708984,55.70000076293945,1624000
2010-07-15,42.85845184326172,55.849998474121094,55.9900016784668,55.040000915527344,55.849998474121094,1448900
2010-07-16,41.61528015136719,54.22999954223633,55.54999923706055,54.130001068115234,55.540000915527344,1585500
2010-07-19,41.853172302246094,54.540000915527344,54.66999816894531,53.939998626708984,54.459999084472656,1190100
2010-07-20,42.33662033081055,55.16999816894531,55.209999084472656,53.72999954223633,53.849998474121094,1010100
2010-07-21,41.807132720947266,54.47999954223633,55.560001373291016,54.2400016784668,55.560001373291016,2826200
2010-07-22,42.73566818237305,55.689998626708984,55.90999984741211,55.099998474121094,55.099998474121094,1637500
2010-07-23,43.173065185546875,56.2599983215332,56.33000183105469,55.43000030517578,55.63999938964844,1483100
2010-07-26,43.702579498291016,56.95000076293945,57.0099983215332,56.25,56.459999084472656,2204800
2010-07-27,43.64885711669922,56.880001068115234,57.380001068115234,56.689998626708984,57.369998931884766,2083200
2010-07-28,43.34189224243164,56.47999954223633,56.959999084472656,56.279998779296875,56.790000915527344,1486500
2010-07-29,43.119361877441406,56.189998626708984,56.970001220703125,55.68000030517578,56.880001068115234,1108100
2010-07-30,43.165401458740234,56.25,56.4900016784668,55.459999084472656,55.65999984741211,1540000
2010-08-02,44.09394836425781,57.459999084472656,57.54999923706055,56.86000061035156,57.15999984741211,1623000
2010-08-03,43.85605239868164,57.150001525878906,57.45000076293945,56.90999984741211,57.349998474121094,1360100
2010-08-04,44.20137023925781,57.599998474121094,57.619998931884766,57.13999938964844,57.36000061035156,1526900
2010-08-05,44.109275817871094,57.47999954223633,57.5099983215332,57.119998931884766,57.2400016784668,1022900
2010-08-06,43.94813919067383,57.27000045776367,57.31999969482422,56.4900016784668,56.90999984741211,3374500
2010-08-09,44.17835235595703,57.56999969482422,57.650001525878906,57.20000076293945,57.56999969482422,1773700
2010-08-10,43.902099609375,57.209999084472656,57.4900016784668,56.70000076293945,56.9900016784668,2369000
2010-08-11,42.6052131652832,55.52000045776367,56.2599983215332,55.43000030517578,56.220001220703125,1947500
2010-08-12,42.36732864379883,55.209999084472656,55.380001068115234,54.540000915527344,54.709999084472656,2800000
2010-08-13,42.20616912841797,55.0,55.33000183105469,54.939998626708984,54.970001220703125,1879200
2010-08-16,42.16780471801758,54.95000076293945,55.15999984741211,54.40999984741211,54.54999923706055,1471200
2010-08-17,42.76636505126953,55.72999954223633,56.119998931884766,55.31999969482422,55.459999084472656,2374900
2010-08-18,42.86612319946289,55.86000061035156,56.13999938964844,55.369998931884766,55.63999938964844,1336800
2010-08-19,42.114097595214844,54.880001068115234,55.70000076293945,54.619998931884766,55.52000045776367,1871600
2010-08-20,41.968284606933594,54.689998626708984,54.7400016784668,54.22999954223633,54.65999984741211,1100700
2010-08-23,41.745731353759766,54.400001525878906,55.220001220703125,54.400001525878906,54.959999084472656,841700
2010-08-24,41.14716720581055,53.619998931884766,54.029998779296875,53.2599983215332,53.84000015258789,1473700
2010-08-25,41.27763748168945,53.790000915527344,54.029998779296875,52.97999954223633,53.220001220703125,2181600
2010-08-26,41.02439880371094,53.459999084472656,54.22999954223633,53.34000015258789,54.08000183105469,1521200
2010-08-27,41.73039245605469,54.380001068115234,54.41999816894531,53.02000045776367,53.83000183105469,1240200
2010-08-30,41.12416458129883,53.59000015258789,54.41999816894531,53.58000183105469,54.279998779296875,1814800
2010-08-31,41.13182830810547,53.599998474121094,53.900001525878906,53.130001068115234,53.34000015258789,1794000
2010-09-01,42.33662033081055,55.16999816894531,55.25,54.25,54.25,2835500
2010-09-02,42.78171920776367,55.75,55.779998779296875,55.209999084472656,55.290000915527344,1399800
2010-09-03,43.34956741333008,56.4900016784668,56.58000183105469,56.040000915527344,56.31999969482422,1956900
2010-09-07,42.8814697265625,55.880001068115234,56.310001373291016,55.790000915527344,56.279998779296875,1759400
2010-09-08,43.10401153564453,56.16999816894531,56.400001525878906,55.900001525878906,55.95000076293945,1155300
2010-09-09,43.318870544433594,56.45000076293945,56.900001525878906,56.279998779296875,56.779998779296875,1433300
2010-09-10,43.50303649902344,56.689998626708984,56.779998779296875,56.41999816894531,56.56999969482422,706800
2010-09-13,44.05556869506836,57.40999984741211,57.4900016784668,57.119998931884766,57.279998779296875,1167500
2010-09-14,44.04789733886719,57.400001525878906,57.720001220703125,57.09000015258789,57.29999923706055,1262900
2010-09-15,44.193687438964844,57.59000015258789,57.66999816894531,57.029998779296875,57.189998626708984,1513700
2010-09-16,44.17835235595703,57.56999969482422,57.619998931884766,57.25,57.41999816894531,1011500
2010-09-17,44.20137023925781,57.599998474121094,57.900001525878906,57.38999938964844,57.88999938964844,1563700
2010-09-20,44.93037414550781,58.54999923706055,58.650001525878906,57.66999816894531,57.849998474121094,1289400
2010-09-21,44.822959899902344,58.40999984741211,58.86000061035156,58.220001220703125,58.56999969482422,2983400
2010-09-22,44.585060119628906,58.099998474121094,58.63999938964844,57.90999984741211,58.27000045776367,4076300
2010-09-23,44.20137023925781,57.599998474121094,58.2400016784668,57.470001220703125,57.61000061035156,3749800
2010-09-24,45.14011764526367,58.52000045776367,58.54999923706055,57.91999816894531,57.97999954223633,2377700
2010-09-27,44.94728088378906,58.27000045776367,58.65999984741211,58.2400016784668,58.61000061035156,1903100
2010-09-28,45.201820373535156,58.599998474121094,58.720001220703125,57.7400016784668,58.34000015258789,3132100
2010-09-29,45.12469482421875,58.5,58.720001220703125,58.27000045776367,58.470001220703125,1842400
2010-09-30,45.0244140625,58.369998931884766,59.20000076293945,58.099998474121094,58.869998931884766,2636800
2010-10-01,45.2249755859375,58.630001068115234,58.880001068115234,58.27000045776367,58.849998474121094,3235500
2010-10-04,44.8238639831543,58.11000061035156,58.75,57.849998474121094,58.5099983215332,4304800
2010-10-05,45.757205963134766,59.31999969482422,59.459999084472656,58.58000183105469,58.650001525878906,2023200
2010-10-06,45.7109260559082,59.2599983215332,59.459999084472656,59.02000045776367,59.29999923706055,1312200
2010-10-07,45.64921951293945,59.18000030517578,59.5099983215332,58.84000015258789,59.47999954223633,1157400
2010-10-08,45.957759857177734,59.58000183105469,59.7400016784668,59.060001373291016,59.2599983215332,1145100
2010-10-11,46.027183532714844,59.66999816894531,59.81999969482422,59.4900016784668,59.7599983215332,1040200
2010-10-12,46.189170837402344,59.880001068115234,60.029998779296875,59.119998931884766,59.540000915527344,1504000
2010-10-13,46.55170822143555,60.349998474121094,60.68000030517578,60.060001373291016,60.16999816894531,1612000
2010-10-14,46.428306579589844,60.189998626708984,60.41999816894531,59.779998779296875,60.34000015258789,1615200
2010-10-15,46.466861724853516,60.2400016784668,60.63999938964844,59.790000915527344,60.5,1934400
2010-10-18,46.721412658691406,60.56999969482422,60.709999084472656,60.16999816894531,60.290000915527344,2811800
2010-10-19,46.04261779785156,59.689998626708984,60.31999969482422,59.34000015258789,59.95000076293945,3053600
2010-10-20,46.505428314208984,60.290000915527344,60.58000183105469,59.77000045776367,59.77000045776367,1665500
2010-10-21,46.58256530761719,60.38999938964844,60.900001525878906,59.900001525878906,60.61000061035156,2393200
2010-10-22,46.721412658691406,60.56999969482422,60.599998474121094,60.33000183105469,60.529998779296875,792300
2010-10-25,46.87566375732422,60.77000045776367,61.29999923706055,60.709999084472656,60.93000030517578,1865900
2010-10-26,46.86796569824219,60.7599983215332,60.86000061035156,60.29999923706055,60.43000030517578,905500
2010-10-27,46.77540588378906,60.63999938964844,60.68000030517578,60.060001373291016,60.369998931884766,2228900
2010-10-28,46.77540588378906,60.63999938964844,61.02000045776367,60.33000183105469,60.95000076293945,1896900
2010-10-29,46.83710861206055,60.720001220703125,60.79999923706055,60.470001220703125,60.59000015258789,1665700
2010-11-01,46.84483337402344,60.72999954223633,61.34000015258789,60.369998931884766,61.040000915527344,1084000
2010-11-02,47.21508026123047,61.209999084472656,61.34000015258789,60.959999084472656,61.209999084472656,1004000
2010-11-03,47.40793228149414,61.459999084472656,61.47999954223633,60.709999084472656,61.349998474121094,1444800
2010-11-04,48.33354949951172,62.65999984741211,62.68000030517578,62.11000061035156,62.189998626708984,1676600
2010-11-05,48.54954528808594,62.939998626708984,63.029998779296875,62.63999938964844,62.7400016784668,1623900
2010-11-08,48.48783493041992,62.86000061035156,62.90999984741211,62.529998779296875,62.75,1005700
2010-11-09,48.10987091064453,62.369998931884766,63.099998474121094,62.099998474121094,63.0,1001800
2010-11-10,48.318138122558594,62.63999938964844,62.650001525878906,61.88999938964844,62.31999969482422,897200
2010-11-11,48.18700408935547,62.470001220703125,62.56999969482422,61.939998626708984,62.130001068115234,947900
2010-11-12,47.5776252746582,61.68000030517578,62.29999923706055,61.38999938964844,62.0,1219800
2010-11-15,47.50819778442383,61.59000015258789,62.119998931884766,61.56999969482422,61.869998931884766,804900
2010-11-16,46.75227737426758,60.61000061035156,61.310001373291016,60.31999969482422,61.22999954223633,2115400
2010-11-17,46.82939910888672,60.709999084472656,60.91999816894531,60.470001220703125,60.61000061035156,1101300
2010-11-18,47.48505783081055,61.560001373291016,61.779998779296875,61.290000915527344,61.290000915527344,2305100
2010-11-19,47.67789077758789,61.810001373291016,61.84000015258789,61.220001220703125,61.56999969482422,3205800
2010-11-22,47.68561935424805,61.81999969482422,61.81999969482422,61.09000015258789,61.52000045776367,2431800
2010-11-23,47.00682830810547,60.939998626708984,61.20000076293945,60.689998626708984,61.13999938964844,1481100
2010-11-24,47.76274871826172,61.91999816894531,61.91999816894531,61.349998474121094,61.349998474121094,924600
2010-11-26,47.438777923583984,61.5,61.72999954223633,61.33000183105469,61.41999816894531,351900
2010-11-29,47.36935043334961,61.40999984741211,61.540000915527344,60.65999984741211,61.09000015258789,1372800
2010-11-30,47.07623291015625,61.029998779296875,61.38999938964844,60.709999084472656,60.79999923706055,2400700
2010-12-01,48.08672332763672,62.34000015258789,62.45000076293945,61.91999816894531,61.91999816894531,1611600
2010-12-02,48.70380401611328,63.13999938964844,63.15999984741211,62.400001525878906,62.41999816894531,1661400
2010-12-03,48.85808563232422,63.34000015258789,63.43000030517578,62.880001068115234,62.91999816894531,1549800
2010-12-06,48.84264373779297,63.31999969482422,63.459999084472656,63.150001525878906,63.2599983215332,1132400
2010-12-07,48.89665222167969,63.38999938964844,64.0199966430664,63.34000015258789,63.939998626708984,2037200
2010-12-08,49.035491943359375,63.56999969482422,63.68000030517578,63.16999816894531,63.52000045776367,937400
2010-12-09,49.21291732788086,63.79999923706055,63.959999084472656,63.52000045776367,63.959999084472656,1478600
2010-12-10,49.529170989990234,64.20999908447266,64.25,63.810001373291016,64.02999877929688,2079900
2010-12-13,49.54460144042969,64.2300033569336,64.56999969482422,64.19999694824219,64.48999786376953,9472500
2010-12-14,49.56001281738281,64.25,64.55999755859375,64.08000183105469,64.3499984741211,13621700
2010-12-15,49.34403991699219,63.970001220703125,64.45999908447266,63.869998931884766,64.19999694824219,16901300
2010-12-16,49.63715744018555,64.3499984741211,64.41000366210938,63.810001373291016,64.04000091552734,11039900
2010-12-17,49.72972106933594,64.47000122070312,64.58000183105469,64.22000122070312,64.3499984741211,17309800
2010-12-20,49.860862731933594,64.63999938964844,64.80000305175781,64.33000183105469,64.69000244140625,1739000
2010-12-21,50.16168212890625,65.02999877929688,65.13999938964844,64.80999755859375,64.91000366210938,1370400
2010-12-22,50.35246276855469,64.93000030517578,65.0199966430664,64.7699966430664,64.80999755859375,2097600
2010-12-23,50.28268051147461,64.83999633789062,64.9800033569336,64.70999908447266,64.9000015258789,1424100
2010-12-27,50.313682556152344,64.87999725341797,64.93000030517578,64.54000091552734,64.6500015258789,2789900
2010-12-28,50.36021423339844,64.94000244140625,65.02999877929688,64.7699966430664,65.0,715300
2010-12-29,50.43776321411133,65.04000091552734,65.16000366210938,64.98999786376953,65.08000183105469,6472400
2010-12-30,50.37572479248047,64.95999908447266,65.12000274658203,64.87999725341797,64.94999694824219,5767700
2010-12-31,50.35246276855469,64.93000030517578,65.0,64.73999786376953,64.81999969482422,5170800
2011-01-03,50.872013092041016,65.5999984741211,65.87999725341797,65.36000061035156,65.36000061035156,1465100
2011-01-04,50.771217346191406,65.47000122070312,65.86000061035156,65.04000091552734,65.81999969482422,1474900
2011-01-05,51.050392150878906,65.83000183105469,65.86000061035156,65.19000244140625,65.30000305175781,5170700
2011-01-06,50.9340705871582,65.68000030517578,65.95999908447266,65.54000091552734,65.91000366210938,4318100
2011-01-07,50.817745208740234,65.52999877929688,65.91999816894531,65.04000091552734,65.79000091552734,2944000
2011-01-10,50.85652160644531,65.58000183105469,65.66999816894531,65.05999755859375,65.31999969482422,1830000
2011-01-11,51.05814743041992,65.83999633789062,65.97000122070312,65.56999969482422,65.81999969482422,1090700
2011-01-12,51.51567459106445,66.43000030517578,66.45999908447266,66.08999633789062,66.26000213623047,4015900
2011-01-13,51.43814468383789,66.33000183105469,66.4800033569336,66.12999725341797,66.44000244140625,1468900
2011-01-14,51.77159881591797,66.76000213623047,66.7699966430664,66.16999816894531,66.25,1292800
2011-01-18,51.903438568115234,66.93000030517578,66.94999694824219,66.62999725341797,66.73999786376953,1288700
2011-01-19,51.28304672241211,66.12999725341797,66.91000366210938,65.98999786376953,66.88999938964844,1566600
2011-01-20,51.1279411315918,65.93000030517578,66.0999984741211,65.47000122070312,65.94999694824219,1857700
2011-01-21,51.2132682800293,66.04000091552734,66.44999694824219,65.94999694824219,66.30000305175781,1342000
2011-01-24,51.500179290771484,66.41000366210938,66.48999786376953,65.94000244140625,66.0,2149200
2011-01-25,51.531192779541016,66.44999694824219,66.44999694824219,65.91000366210938,66.2300033569336,1157500
2011-01-26,51.82588195800781,66.83000183105469,66.97000122070312,66.4800033569336,66.58999633789062,1396100
2011-01-27,51.98097610473633,67.02999877929688,67.12999725341797,66.72000122070312,66.86000061035156,1096900
2011-01-28,51.050392150878906,65.83000183105469,67.18000030517578,65.72000122070312,67.11000061035156,2088100
2011-01-31,51.383846282958984,66.26000213623047,66.37999725341797,65.83000183105469,65.91999816894531,1255200
2011-02-01,52.22915267944336,67.3499984741211,67.4800033569336,66.69000244140625,66.72000122070312,2355400
2011-02-02,52.16709518432617,67.2699966430664,67.47000122070312,67.18000030517578,67.19999694824219,1688900
2011-02-03,52.283424377441406,67.41999816894531,67.5,66.76000213623047,67.20999908447266,1807200
2011-02-04,52.43077087402344,67.61000061035156,67.6500015258789,67.16999816894531,67.5,1344000
2011-02-07,52.77974319458008,68.05999755859375,68.27999877929688,67.76000213623047,67.80999755859375,1359300
2011-02-08,53.043418884277344,68.4000015258789,68.41999816894531,67.94000244140625,68.16000366210938,1621900
2011-02-09,52.903812408447266,68.22000122070312,68.41000366210938,67.91000366210938,68.2300033569336,2110900
2011-02-10,52.96586227416992,68.30000305175781,68.37000274658203,67.7300033569336,67.87999725341797,1904400
2011-02-11,53.3148193359375,68.75,68.81999969482422,68.02999877929688,68.08999633789062,1559600
2011-02-14,53.45441818237305,68.93000030517578,68.9800033569336,68.66999816894531,68.76000213623047,1554800
2011-02-15,53.283790588378906,68.70999908447266,68.83000183105469,68.54000091552734,68.72000122070312,1598400
2011-02-16,53.63277053833008,69.16000366210938,69.23999786376953,68.83000183105469,68.95999908447266,1925900
2011-02-17,53.8266487121582,69.41000366210938,69.5,68.93000030517578,68.95999908447266,2054400
2011-02-18,53.927452087402344,69.54000091552734,69.62999725341797,69.26000213623047,69.5,1761600
2011-02-22,52.77197265625,68.05000305175781,69.12999725341797,67.86000061035156,68.77999877929688,3178400
2011-02-23,52.3299560546875,67.4800033569336,68.13999938964844,67.02999877929688,67.9800033569336,3430300
2011-02-24,52.33769607543945,67.48999786376953,67.76000213623047,66.81999969482422,67.3499984741211,4472100
2011-02-25,52.996864318847656,68.33999633789062,68.3499984741211,67.69999694824219,67.81999969482422,3642300
2011-02-28,53.283790588378906,68.70999908447266,68.81999969482422,68.30000305175781,68.6500015258789,2694900
2011-03-01,52.38423156738281,67.55000305175781,68.98999786376953,67.52999877929688,68.94000244140625,1429600
2011-03-02,52.4927978515625,67.69000244140625,68.02999877929688,67.37000274658203,67.4800033569336,1592000
2011-03-03,53.44664764404297,68.91999816894531,69.0,68.31999969482422,68.36000061035156,1299000
2011-03-04,53.08995056152344,68.45999908447266,68.95999908447266,68.0199966430664,68.94000244140625,2721500
2011-03-07,52.609134674072266,67.83999633789062,68.80999755859375,67.45999908447266,68.69999694824219,1562800
2011-03-08,53.08216857910156,68.44999694824219,68.66999816894531,67.62000274658203,67.95999908447266,1123200
2011-03-09,53.00463104248047,68.3499984741211,68.55999755859375,67.95999908447266,68.36000061035156,1566500
2011-03-10,51.988731384277344,67.04000091552734,67.6500015258789,66.9800033569336,67.6500015258789,2239000
2011-03-11,52.33769607543945,67.48999786376953,67.72000122070312,66.70999908447266,66.70999908447266,2148700
2011-03-14,52.0197639465332,67.08000183105469,67.30000305175781,66.55000305175781,67.06999969482422,1622800
2011-03-15,51.46915054321289,66.37000274658203,66.73999786376953,65.16000366210938,65.29000091552734,4776300
2011-03-16,50.57735061645508,65.22000122070312,66.4000015258789,64.75,66.1500015258789,3839700
2011-03-17,51.158958435058594,65.97000122070312,66.30000305175781,65.63999938964844,66.13999938964844,1712000
2011-03-18,51.39936447143555,66.27999877929688,66.83999633789062,66.11000061035156,66.79000091552734,2604200
2011-03-21,52.205875396728516,67.31999969482422,67.41999816894531,67.0,67.0,1679300
2011-03-22,52.0352783203125,67.0999984741211,67.41000366210938,67.01000213623047,67.3499984741211,2036700
2011-03-23,52.159339904785156,67.26000213623047,67.43000030517578,66.55000305175781,66.91999816894531,1666700
2011-03-24,52.65565490722656,67.9000015258789,68.0,67.2300033569336,67.66000366210938,2419700
2011-03-25,52.84490203857422,67.86000061035156,68.19999694824219,67.66000366210938,67.83000183105469,1956100
2011-03-28,52.72029495239258,67.69999694824219,68.20999908447266,67.69000244140625,68.02999877929688,1739900
2011-03-29,53.109657287597656,68.19999694824219,68.20999908447266,67.41999816894531,67.72000122070312,1354200
2011-03-30,53.506805419921875,68.70999908447266,68.88999938964844,68.45999908447266,68.58000183105469,1276300
2011-03-31,53.506805419921875,68.70999908447266,68.87000274658203,68.58999633789062,68.69999694824219,1298400
2011-04-01,53.763797760009766,69.04000091552734,69.33000183105469,68.86000061035156,69.18000030517578,1707400
2011-04-04,53.81052780151367,69.0999984741211,69.30000305175781,68.91000366210938,69.1500015258789,1091500
2011-04-05,53.8416862487793,69.13999938964844,69.44999694824219,68.97000122070312,69.01000213623047,1317200
2011-04-06,53.98185729980469,69.31999969482422,69.55000305175781,69.04000091552734,69.47000122070312,1396900
2011-04-07,53.82611083984375,69.12000274658203,69.4800033569336,68.80000305175781,69.19999694824219,1506400
2011-04-08,53.60026931762695,68.83000183105469,69.48999786376953,68.52999877929688,69.38999938964844,1389100
2011-04-11,53.40557861328125,68.58000183105469,69.08999633789062,68.37999725341797,68.91999816894531,1138100
2011-04-12,52.95392608642578,68.0,68.27999877929688,67.75,68.1500015258789,1699900
2011-04-13,52.98506546020508,68.04000091552734,68.38999938964844,67.7699966430664,68.31999969482422,1521100
2011-04-14,53.016239166259766,68.08000183105469,68.16999816894531,67.41000366210938,67.63999938964844,1434300
2011-04-15,53.273193359375,68.41000366210938,68.54000091552734,68.01000213623047,68.2300033569336,1376200
2011-04-18,52.63462448120117,67.58999633789062,67.72000122070312,67.06999969482422,67.61000061035156,2323800
2011-04-19,52.93832778930664,67.9800033569336,67.98999786376953,67.54000091552734,67.75,1048100
2011-04-20,53.70928955078125,68.97000122070312,69.06999969482422,68.7699966430664,68.83000183105469,1324700
2011-04-21,53.97404479980469,69.30999755859375,69.31999969482422,69.0,69.25,985400
2011-04-25,53.91953659057617,69.23999786376953,69.36000061035156,69.0199966430664,69.30999755859375,886800
2011-04-26,54.39457321166992,69.8499984741211,70.0,69.4000015258789,69.5,1400000
2011-04-27,54.75278854370117,70.30999755859375,70.41000366210938,69.70999908447266,70.0,2148700
2011-04-28,54.91632843017578,70.5199966430664,70.62000274658203,70.19999694824219,70.26000213623047,2221400
2011-04-29,55.05647659301758,70.69999694824219,70.80000305175781,70.45999908447266,70.58000183105469,1713200
2011-05-02,54.963043212890625,70.58000183105469,71.11000061035156,70.43000030517578,71.04000091552734,1506000
2011-05-03,54.65935516357422,70.19000244140625,70.51000213623047,69.81999969482422,70.43000030517578,1150000
2011-05-04,54.254398345947266,69.66999816894531,70.20999908447266,69.3499984741211,70.18000030517578,1715100
2011-05-05,53.81829833984375,69.11000061035156,69.79000091552734,68.80000305175781,69.2699966430664,1500000
2011-05-06,54.051937103271484,69.41000366210938,70.13999938964844,69.13999938964844,69.79000091552734,1709600
2011-05-09,54.34006118774414,69.77999877929688,69.95999908447266,69.37000274658203,69.5,1165500
2011-05-10,54.822872161865234,70.4000015258789,70.52999877929688,69.95999908447266,70.0199966430664,2353500
2011-05-11,54.26219940185547,69.68000030517578,70.37000274658203,69.3499984741211,70.3499984741211,1841800
2011-05-12,54.519168853759766,70.01000213623047,70.13999938964844,69.06999969482422,69.47000122070312,1859900
2011-05-13,54.02078628540039,69.37000274658203,70.12000274658203,69.18000030517578,70.05999755859375,1906700
2011-05-16,53.64699172973633,68.88999938964844,69.68000030517578,68.80000305175781,69.08999633789062,1654300
2011-05-17,53.60026931762695,68.83000183105469,68.91999816894531,68.2699966430664,68.55999755859375,2058300
2011-05-18,54.11424255371094,69.48999786376953,69.55999755859375,68.7300033569336,68.87999725341797,1430500
2011-05-19,54.24660873413086,69.66000366210938,69.86000061035156,69.2699966430664,69.75,1343800
2011-05-20,53.8416862487793,69.13999938964844,69.58000183105469,68.94999694824219,69.45999908447266,1274200
2011-05-23,53.15639877319336,68.26000213623047,68.48999786376953,68.05999755859375,68.25,1400000
2011-05-24,53.10185623168945,68.19000244140625,68.61000061035156,68.05000305175781,68.47000122070312,984700
2011-05-25,53.31991958618164,68.47000122070312,68.75,67.88999938964844,67.94999694824219,1159000
2011-05-26,53.639198303222656,68.87999725341797,68.98999786376953,68.19999694824219,68.30999755859375,1121100
2011-05-27,53.888389587402344,69.19999694824219,69.37000274658203,69.02999877929688,69.11000061035156,937900
2011-05-31,54.47246170043945,69.94999694824219,69.94999694824219,69.36000061035156,69.87999725341797,1606000
2011-06-01,53.23426055908203,68.36000061035156,69.80999755859375,68.30000305175781,69.7699966430664,1760600
2011-06-02,53.13301467895508,68.2300033569336,68.54000091552734,67.86000061035156,68.37000274658203,1726500
2011-06-03,52.5879020690918,67.52999877929688,68.05000305175781,67.36000061035156,67.43000030517578,2139800
2011-06-06,51.98048782348633,66.75,67.5,66.66000366210938,67.36000061035156,1893100
2011-06-07,51.95713424682617,66.72000122070312,67.29000091552734,66.69999694824219,67.04000091552734,1369600
2011-06-08,51.68457794189453,66.37000274658203,66.80000305175781,66.2699966430664,66.61000061035156,1482500
2011-06-09,52.050567626953125,66.83999633789062,67.13999938964844,66.37999725341797,66.55999755859375,1047900
2011-06-10,51.310787200927734,65.88999938964844,66.5999984741211,65.7300033569336,66.58000183105469,1743300
2011-06-13,51.30301284790039,65.87999725341797,66.25,65.55000305175781,66.01000213623047,2814600
2011-06-14,52.01163864135742,66.79000091552734,67.0199966430664,66.4800033569336,66.51000213623047,1577100
2011-06-15,51.08492660522461,65.5999984741211,66.4800033569336,65.43000030517578,66.25,3630600
2011-06-16,51.170623779296875,65.70999908447266,66.08000183105469,65.18000030517578,65.62000274658203,3040000
2011-06-17,51.33415222167969,65.91999816894531,66.37999725341797,65.69000244140625,66.36000061035156,5544400
2011-06-20,51.57554244995117,66.2300033569336,66.37999725341797,65.66999816894531,65.72000122070312,3463200
2011-06-21,52.36206817626953,67.23999786376953,67.33999633789062,66.51000213623047,66.56999969482422,1916700
2011-06-22,52.07393264770508,66.87000274658203,67.45999908447266,66.83999633789062,67.08000183105469,1946600
2011-06-23,51.988285064697266,66.76000213623047,66.7699966430664,65.5999984741211,66.05999755859375,2929500
2011-06-24,51.39627456665039,65.72000122070312,66.5199966430664,65.62999725341797,66.5,1942200
2011-06-27,51.83422088623047,66.27999877929688,66.52999877929688,65.61000061035156,65.75,1569800
2011-06-28,52.55369186401367,67.19999694824219,67.19999694824219,66.47000122070312,66.56999969482422,1814100
2011-06-29,53.01511001586914,67.79000091552734,67.87000274658203,67.22000122070312,67.44999694824219,2576800
2011-06-30,53.4921760559082,68.4000015258789,68.48999786376953,67.9000015258789,67.9800033569336,1973000
2011-07-01,54.258548736572266,69.37999725341797,69.47000122070312,68.27999877929688,68.43000030517578,2021300
2011-07-05,54.25077438354492,69.37000274658203,69.52999877929688,69.16000366210938,69.3499984741211,2259400
2011-07-06,54.36023712158203,69.51000213623047,69.5999984741211,69.02999877929688,69.20999908447266,1753600
2011-07-07,54.94676971435547,70.26000213623047,70.41999816894531,69.98999786376953,70.1500015258789,1558900
2011-07-08,54.55574035644531,69.76000213623047,69.77999877929688,69.20999908447266,69.5,1598100
2011-07-11,53.54691696166992,68.47000122070312,69.13999938964844,68.29000091552734,68.87999725341797,1961300
2011-07-12,53.312286376953125,68.16999816894531,68.83999633789062,68.0999984741211,68.23999786376953,2108900
2011-07-13,53.51560592651367,68.43000030517578,69.12000274658203,68.25,68.5199966430664,1904000
2011-07-14,53.062042236328125,67.8499984741211,68.88999938964844,67.72000122070312,68.58999633789062,2059600
2011-07-15,53.39832305908203,68.27999877929688,68.30999755859375,67.7699966430664,68.16999816894531,4489000
2011-07-18,52.9056282043457,67.6500015258789,68.04000091552734,67.13999938964844,67.97000122070312,4783200
2011-07-19,53.79716110229492,68.79000091552734,68.83999633789062,68.02999877929688,68.02999877929688,1841300
2011-07-20,53.76588439941406,68.75,69.0,68.58000183105469,68.9800033569336,1390000
2011-07-21,54.42280578613281,69.58999633789062,69.77999877929688,68.95999908447266,69.08000183105469,2111200
2011-07-22,54.51664733886719,69.70999908447266,69.7699966430664,69.25,69.5999984741211,1162700
2011-07-25,54.16472625732422,69.26000213623047,69.62999725341797,68.91000366210938,69.0,3126000
2011-07-26,53.93792724609375,68.97000122070312,69.30000305175781,68.81999969482422,69.22000122070312,1500300
2011-07-27,52.74921798706055,67.44999694824219,68.58999633789062,67.37999725341797,68.55999755859375,2134000
2011-07-28,52.56935501098633,67.22000122070312,68.08000183105469,67.13999938964844,67.43000030517578,2786000
2011-07-29,52.28000259399414,66.8499984741211,67.43000030517578,66.22000122070312,66.56999969482422,5091800
2011-08-01,52.045387268066406,66.55000305175781,67.76000213623047,65.93000030517578,67.66000366210938,5148500
2011-08-02,50.668968200683594,64.79000091552734,66.4800033569336,64.79000091552734,66.12000274658203,3528500
2011-08-03,50.95049285888672,65.1500015258789,65.20999908447266,63.66999816894531,64.83999633789062,5828400
2011-08-04,48.39320373535156,61.880001068115234,64.27999877929688,61.84000015258789,64.26000213623047,7792400
2011-08-05,48.18986129760742,61.619998931884766,62.81999969482422,60.0,62.65999984741211,7689700
2011-08-08,44.85052490234375,57.349998474121094,60.59000015258789,57.290000915527344,59.869998931884766,11876100
2011-08-09,47.09498977661133,60.220001220703125,60.25,56.41999816894531,58.29999923706055,9100300
2011-08-10,45.092960357666016,57.65999984741211,59.720001220703125,57.52000045776367,59.08000183105469,6008700
2011-08-11,47.157569885253906,60.29999923706055,61.060001373291016,57.880001068115234,58.099998474121094,5850900
2011-08-12,47.47039031982422,60.70000076293945,61.209999084472656,60.209999084472656,60.81999969482422,3018800
2011-08-15,48.502689361572266,62.02000045776367,62.06999969482422,61.13999938964844,61.220001220703125,2803500
2011-08-16,48.041290283203125,61.43000030517578,62.02000045776367,60.790000915527344,61.439998626708984,3085300
2011-08-17,48.049110412597656,61.439998626708984,62.25,60.939998626708984,61.79999923706055,2398600
2011-08-18,45.90629959106445,58.70000076293945,59.84000015258789,58.11000061035156,59.779998779296875,5826100
2011-08-19,45.08514404296875,57.650001525878906,59.36000061035156,57.56999969482422,57.81999969482422,4061700
2011-08-22,45.092960357666016,57.65999984741211,58.97999954223633,57.5,58.959999084472656,2330500
2011-08-23,46.641422271728516,59.63999938964844,59.66999816894531,57.54999923706055,57.90999984741211,3714000
2011-08-24,47.306156158447266,60.4900016784668,60.560001373291016,59.36000061035156,59.54999923706055,3163200
2011-08-25,46.51628494262695,59.47999954223633,61.15999984741211,59.290000915527344,60.869998931884766,3379100
2011-08-26,47.29050827026367,60.470001220703125,60.709999084472656,58.2599983215332,59.16999816894531,2649000
2011-08-29,48.76859664916992,62.36000061035156,62.380001068115234,61.22999954223633,61.27000045776367,1942400
2011-08-30,48.90153884887695,62.529998779296875,62.939998626708984,61.619998931884766,62.08000183105469,2465000
2011-08-31,49.09703826904297,62.779998779296875,63.5099983215332,62.31999969482422,63.0,4318100
2011-09-01,48.54179763793945,62.06999969482422,63.38999938964844,61.97999954223633,62.810001373291016,3652400
2011-09-02,47.21229934692383,60.369998931884766,61.099998474121094,60.18000030517578,60.7400016784668,2225600
2011-09-06,46.91514205932617,59.9900016784668,60.040000915527344,58.5099983215332,58.529998779296875,2405600
2011-09-07,48.315006256103516,61.779998779296875,61.790000915527344,60.720001220703125,60.91999816894531,1325200
2011-09-08,47.73626708984375,61.040000915527344,62.099998474121094,60.93000030517578,61.349998474121094,2727300
2011-09-09,46.492828369140625,59.45000076293945,60.630001068115234,59.119998931884766,60.349998474121094,2610800
2011-09-12,46.821292877197266,59.869998931884766,59.869998931884766,58.5099983215332,58.66999816894531,2692100
2011-09-13,47.29050827026367,60.470001220703125,60.689998626708984,59.63999938964844,60.06999969482422,1683700
2011-09-14,47.96308898925781,61.33000183105469,62.06999969482422,59.869998931884766,60.81999969482422,2517200
2011-09-15,48.79986572265625,62.400001525878906,62.40999984741211,61.43000030517578,61.95000076293945,3961800
2011-09-16,49.03447341918945,62.70000076293945,62.959999084472656,62.099998474121094,62.630001068115234,1550500
2011-09-19,48.51832962036133,62.040000915527344,62.36000061035156,61.20000076293945,61.63999938964844,2066400
2011-09-20,48.34629440307617,61.81999969482422,62.86000061035156,61.779998779296875,62.2599983215332,3733600
2011-09-21,46.774375915527344,59.810001373291016,62.0,59.310001373291016,61.79999923706055,4794000
2011-09-22,45.33539581298828,57.970001220703125,58.72999954223633,57.150001525878906,58.13999938964844,7423500
2011-09-23,45.59955596923828,58.0,58.34000015258789,57.130001068115234,57.290000915527344,4869000
2011-09-26,46.67665100097656,59.369998931884766,59.45000076293945,57.65999984741211,58.630001068115234,2532000
2011-09-27,47.26628494262695,60.119998931884766,61.18000030517578,59.7599983215332,60.540000915527344,3318600
2011-09-28,46.1891975402832,58.75,60.56999969482422,58.65999984741211,60.27000045776367,2326600
2011-09-29,46.52726364135742,59.18000030517578,60.02000045776367,58.08000183105469,59.810001373291016,2724200
2011-09-30,45.37941360473633,57.720001220703125,58.88999938964844,57.650001525878906,58.36000061035156,2520500
2011-10-03,43.877784729003906,55.810001373291016,58.06999969482422,55.77000045776367,57.380001068115234,4172100
2011-10-04,44.97846984863281,57.209999084472656,57.349998474121094,54.58000183105469,55.08000183105469,4981800
2011-10-05,45.89830780029297,58.380001068115234,58.529998779296875,56.869998931884766,57.400001525878906,7841300
2011-10-06,46.786712646484375,59.5099983215332,59.560001373291016,57.900001525878906,58.29999923706055,2284500
2011-10-07,46.3621711730957,58.970001220703125,59.869998931884766,58.65999984741211,59.849998474121094,3014200
2011-10-10,47.95816421508789,61.0,61.0,59.9900016784668,60.0,1636300
2011-10-11,47.99746322631836,61.04999923706055,61.27000045776367,60.540000915527344,60.599998474121094,2688300
2011-10-12,48.453468322753906,61.630001068115234,62.36000061035156,61.459999084472656,61.56999969482422,2856600
2011-10-13,48.39057540893555,61.54999923706055,61.75,60.790000915527344,61.290000915527344,2149100
2011-10-14,49.27111053466797,62.66999816894531,62.66999816894531,61.54999923706055,62.31999969482422,1654500
2011-10-17,48.27263259887695,61.400001525878906,62.400001525878906,61.25,62.380001068115234,3651800
2011-10-18,49.247520446777344,62.63999938964844,63.08000183105469,60.79999923706055,61.33000183105469,2640900
2011-10-19,48.594966888427734,61.810001373291016,62.900001525878906,61.66999816894531,62.560001373291016,2146000
2011-10-20,48.81511306762695,62.09000015258789,62.29999923706055,61.08000183105469,62.029998779296875,1829000
2011-10-21,49.734962463378906,63.2599983215332,63.380001068115234,62.66999816894531,62.83000183105469,1808400
2011-10-24,50.568328857421875,64.31999969482422,64.44000244140625,63.38999938964844,63.439998626708984,1737600
2011-10-25,49.53840637207031,63.0099983215332,64.0,62.869998931884766,63.959999084472656,3056600
2011-10-26,50.07303237915039,63.689998626708984,63.88999938964844,62.5,63.72999954223633,1772900
2011-10-27,51.802669525146484,65.88999938964844,66.3499984741211,64.87999725341797,65.43000030517578,5321400
2011-10-28,51.84984588623047,65.94999694824219,66.05999755859375,65.55000305175781,65.6500015258789,1285900
2011-10-31,50.53688049316406,64.27999877929688,65.25,64.27999877929688,65.1500015258789,1729900
2011-11-01,49.19247817993164,62.56999969482422,63.279998779296875,62.15999984741211,62.400001525878906,2837000
2011-11-02,50.002254486083984,63.599998474121094,63.779998779296875,62.90999984741211,63.5,2117800
2011-11-03,50.977169036865234,64.83999633789062,64.93000030517578,63.349998474121094,64.27999877929688,2056700
2011-11-04,50.70199203491211,64.48999786376953,64.61000061035156,63.66999816894531,64.30000305175781,1625300
2011-11-07,50.96144104003906,64.81999969482422,64.83999633789062,63.75,64.44000244140625,1455000
2011-11-08,51.57465744018555,65.5999984741211,65.66000366210938,64.43000030517578,65.16999816894531,1909600
2011-11-09,49.60917282104492,63.099998474121094,64.33999633789062,63.0,64.04000091552734,1885800
2011-11-10,50.0494384765625,63.65999984741211,63.9900016784668,63.0,63.95000076293945,1363100
2011-11-11,51.040061950683594,64.91999816894531,65.05000305175781,64.38999938964844,64.44999694824219,1234100
2011-11-14,50.53688049316406,64.27999877929688,64.75,64.0,64.69000244140625,1189700
2011-11-15,50.8434944152832,64.66999816894531,64.97000122070312,63.86000061035156,64.08000183105469,1076700
2011-11-16,49.994407653808594,63.59000015258789,64.77999877929688,63.47999954223633,63.9900016784668,3342400
2011-11-17,49.176753997802734,62.54999923706055,63.650001525878906,62.15999984741211,63.47999954223633,1795500
2011-11-18,49.10601043701172,62.459999084472656,62.86000061035156,62.209999084472656,62.79999923706055,2139800
2011-11-21,48.19400405883789,61.29999923706055,61.59000015258789,60.75,61.529998779296875,2008400
2011-11-22,47.96602249145508,61.0099983215332,61.4900016784668,60.68000030517578,61.119998931884766,1586600
2011-11-23,46.89677810668945,59.650001525878906,60.5099983215332,59.619998931884766,60.43000030517578,2141900
2011-11-25,46.747398376464844,59.459999084472656,60.18000030517578,59.45000076293945,59.4900016784668,1011000
2011-11-28,48.15469741821289,61.25,61.459999084472656,60.77000045776367,61.09000015258789,1887100
2011-11-29,48.304080963134766,61.439998626708984,61.83000183105469,61.20000076293945,61.459999084472656,1229700
2011-11-30,50.34820556640625,64.04000091552734,64.1500015258789,63.11000061035156,63.209999084472656,2363400
2011-12-01,50.34820556640625,64.04000091552734,64.41000366210938,63.7599983215332,63.95000076293945,1561400
2011-12-02,50.32461166381836,64.01000213623047,64.87000274658203,63.959999084472656,64.6500015258789,1746900
2011-12-05,50.87495422363281,64.70999908447266,65.25,64.3499984741211,64.94000244140625,2032800
2011-12-06,50.89852523803711,64.73999786376953,65.13999938964844,64.45999908447266,64.7699966430664,1241400
2011-12-07,51.032196044921875,64.91000366210938,65.16000366210938,63.97999954223633,64.5199966430664,3885800
2011-12-08,49.87648391723633,63.439998626708984,64.62000274658203,63.279998779296875,64.5,1964600
2011-12-09,50.76488494873047,64.56999969482422,64.70999908447266,63.630001068115234,63.70000076293945,2099300
2011-12-12,49.98655319213867,63.58000183105469,64.0,63.06999969482422,63.95000076293945,1369700
2011-12-13,49.451934814453125,62.900001525878906,64.30000305175781,62.61000061035156,63.970001220703125,1525300
2011-12-14,48.885860443115234,62.18000030517578,62.849998474121094,62.04999923706055,62.599998474121094,1896300
2011-12-15,49.06668472290039,62.40999984741211,62.91999816894531,62.27000045776367,62.90999984741211,5062400
2011-12-16,49.23180389404297,62.619998931884766,63.290000915527344,62.439998626708984,62.849998474121094,1320400
2011-12-19,48.65787124633789,61.88999938964844,63.0099983215332,61.7599983215332,62.90999984741211,2382900
2011-12-20,50.183101654052734,63.83000183105469,63.91999816894531,62.810001373291016,62.90999984741211,2053200
2011-12-21,50.27876663208008,63.59000015258789,63.709999084472656,62.81999969482422,63.459999084472656,1728200
2011-12-22,50.80060577392578,64.25,64.26000213623047,63.7599983215332,63.86000061035156,1636000
2011-12-23,51.18803405761719,64.73999786376953,64.73999786376953,64.2300033569336,64.41999816894531,3194000
2011-12-27,51.19594192504883,64.75,64.94000244140625,64.5199966430664,64.63999938964844,3100800
2011-12-28,50.57131576538086,63.959999084472656,64.81999969482422,63.810001373291016,64.77999877929688,2096300
2011-12-29,51.06942367553711,64.58999633789062,64.62000274658203,64.0,64.04000091552734,1565200
2011-12-30,50.84014892578125,64.30000305175781,64.6500015258789,64.29000091552734,64.47000122070312,1267600
2012-01-03,51.55964279174805,65.20999908447266,65.72000122070312,65.13999938964844,65.41000366210938,2230400
2012-01-04,51.58338165283203,65.23999786376953,65.3499984741211,64.7699966430664,65.1500015258789,1647400
2012-01-05,51.81266403198242,65.52999877929688,65.5999984741211,64.58000183105469,64.94000244140625,1146300
2012-01-06,51.69406509399414,65.37999725341797,65.5999984741211,65.0999984741211,65.55999755859375,1640000
2012-01-09,51.81266403198242,65.52999877929688,65.62000274658203,65.19000244140625,65.52999877929688,1978900
2012-01-10,52.32660675048828,66.18000030517578,66.38999938964844,66.05999755859375,66.19999694824219,1368200
2012-01-11,52.42149353027344,66.30000305175781,66.33999633789062,65.87999725341797,65.95999908447266,1825300
2012-01-12,52.5479850769043,66.45999908447266,66.51000213623047,65.9000015258789,66.4800033569336,945000
2012-01-13,52.302886962890625,66.1500015258789,66.1500015258789,65.5,65.9800033569336,1294700
2012-01-17,52.42149353027344,66.30000305175781,66.81999969482422,66.18000030517578,66.7300033569336,2181700
2012-01-18,53.05403518676758,67.0999984741211,67.11000061035156,66.16999816894531,66.33000183105469,2007300
2012-01-19,53.37818908691406,67.51000213623047,67.56999969482422,67.16000366210938,67.37000274658203,4201300
2012-01-20,53.39399719238281,67.52999877929688,67.52999877929688,67.20999908447266,67.36000061035156,1537600
2012-01-23,53.409812927246094,67.55000305175781,67.91000366210938,67.19000244140625,67.52999877929688,3387500
2012-01-24,53.40191650390625,67.54000091552734,67.56999969482422,67.01000213623047,67.16000366210938,1551900
2012-01-25,53.89213943481445,68.16000366210938,68.29000091552734,67.20999908447266,67.4800033569336,1737900
2012-01-26,53.61539840698242,67.80999755859375,68.5999984741211,67.52999877929688,68.4800033569336,2632700
2012-01-27,53.65494155883789,67.86000061035156,68.0,67.44000244140625,67.4800033569336,2056600
2012-01-30,53.441444396972656,67.58999633789062,67.68000030517578,66.94999694824219,67.22000122070312,1760300
2012-01-31,53.417724609375,67.55999755859375,68.04000091552734,67.2699966430664,68.0,2250500
2012-02-01,54.03444290161133,68.33999633789062,68.62000274658203,68.02999877929688,68.12999725341797,1993200
2012-02-02,54.129356384277344,68.45999908447266,68.62999725341797,68.19000244140625,68.48999786376953,19893800
2012-02-03,54.93582534790039,69.4800033569336,69.5,69.05999755859375,69.19000244140625,2399700
2012-02-06,54.9041862487793,69.44000244140625,69.47000122070312,69.0999984741211,69.23999786376953,2289600
2012-02-07,55.03070068359375,69.5999984741211,69.70999908447266,69.02999877929688,69.30000305175781,1967000
2012-02-08,55.14927673339844,69.75,69.8499984741211,69.29000091552734,69.66000366210938,2407100
2012-02-09,55.23629379272461,69.86000061035156,69.95999908447266,69.41999816894531,69.87999725341797,1780800
2012-02-10,54.80139923095703,69.30999755859375,69.37999725341797,69.04000091552734,69.2300033569336,1365200
2012-02-13,55.220458984375,69.83999633789062,69.91000366210938,69.51000213623047,69.81999969482422,1499600
2012-02-14,55.14138412475586,69.73999786376953,69.77999877929688,69.29000091552734,69.69999694824219,1875500
2012-02-15,54.9041862487793,69.44000244140625,70.0999984741211,69.27999877929688,70.0,2022900
2012-02-16,55.5604248046875,70.2699966430664,70.31999969482422,69.3499984741211,69.44999694824219,1601500
2012-02-17,55.639503479003906,70.37000274658203,70.5199966430664,70.18000030517578,70.4800033569336,2093300
2012-02-21,55.615787506103516,70.33999633789062,70.68000030517578,70.12999725341797,70.58000183105469,1525900
2012-02-22,55.44184112548828,70.12000274658203,70.41000366210938,69.98999786376953,70.20999908447266,1781800
2012-02-23,55.75020980834961,70.51000213623047,70.52999877929688,69.81999969482422,70.08000183105469,1500800
2012-02-24,55.82926940917969,70.61000061035156,70.77999877929688,70.47000122070312,70.6500015258789,1267400
2012-02-27,55.87670135498047,70.66999816894531,70.88999938964844,69.97000122070312,70.13999938964844,1350500
2012-02-28,56.03484344482422,70.87000274658203,70.94999694824219,70.56999969482422,70.73999786376953,1839300
2012-02-29,55.67116165161133,70.41000366210938,71.19000244140625,70.4000015258789,70.9800033569336,2211400
2012-03-01,56.098087310791016,70.94999694824219,71.08999633789062,70.61000061035156,70.66999816894531,2413800
2012-03-02,55.82136154174805,70.5999984741211,70.97000122070312,70.44000244140625,70.9000015258789,1609400
2012-03-05,55.56834411621094,70.27999877929688,70.5,70.02999877929688,70.44000244140625,2700400
2012-03-06,54.674888610839844,69.1500015258789,69.62000274658203,68.97000122070312,69.61000061035156,2393600
2012-03-07,55.14927673339844,69.75,69.83000183105469,69.30000305175781,69.4000015258789,1411000
2012-03-08,55.718563079833984,70.47000122070312,70.5999984741211,69.9800033569336,70.22000122070312,1697300
2012-03-09,55.995323181152344,70.81999969482422,71.01000213623047,70.5199966430664,70.5999984741211,1462200
2012-03-12,55.95579147338867,70.7699966430664,70.94000244140625,70.55000305175781,70.86000061035156,1431600
2012-03-13,56.9915771484375,72.08000183105469,72.08000183105469,71.05000305175781,71.18000030517578,1521000
2012-03-14,56.87297439575195,71.93000030517578,72.25,71.70999908447266,72.0999984741211,1893700
2012-03-15,57.205047607421875,72.3499984741211,72.38999938964844,71.83000183105469,72.04000091552734,1713900
2012-03-16,57.29202651977539,72.45999908447266,72.54000091552734,72.30000305175781,72.5,1178200
2012-03-19,57.5055046081543,72.7300033569336,72.98999786376953,72.33000183105469,72.41000366210938,1963700
2012-03-20,57.30781936645508,72.4800033569336,72.58000183105469,72.08000183105469,72.33999633789062,1547300
2012-03-21,57.244571685791016,72.4000015258789,72.61000061035156,72.20999908447266,72.51000213623047,2033400
2012-03-22,56.786006927490234,71.81999969482422,72.0199966430664,71.56999969482422,71.8499984741211,1823700
2012-03-23,57.01527404785156,72.11000061035156,72.18000030517578,71.44999694824219,71.83999633789062,1260600
2012-03-26,57.80778503417969,72.80000305175781,72.80000305175781,72.33999633789062,72.33999633789062,1585200
2012-03-27,57.6171989440918,72.55999755859375,72.94000244140625,72.54000091552734,72.8499984741211,2398100
2012-03-28,57.33134078979492,72.19999694824219,72.66000366210938,71.7300033569336,72.5,2864300
2012-03-29,57.228084564208984,72.06999969482422,72.16999816894531,71.44000244140625,71.80000305175781,1567300
2012-03-30,57.37895584106445,72.26000213623047,72.4800033569336,71.95999908447266,72.47000122070312,1244400
2012-04-02,57.863338470458984,72.87000274658203,73.05999755859375,72.08999633789062,72.26000213623047,2391100
2012-04-03,57.67277908325195,72.62999725341797,72.94000244140625,72.19999694824219,72.79000091552734,1861200
2012-04-04,57.02959442138672,71.81999969482422,72.08999633789062,71.55000305175781,72.08000183105469,2402000
2012-04-05,56.98989486694336,71.7699966430664,71.97000122070312,71.5,71.62000274658203,1198700
2012-04-09,56.3228645324707,70.93000030517578,71.20999908447266,70.69999694824219,70.80000305175781,1735700
2012-04-10,55.26675796508789,69.5999984741211,70.95999908447266,69.56999969482422,70.77999877929688,5396000
2012-04-11,55.72731399536133,70.18000030517578,70.5,70.0999984741211,70.37000274658203,2120500
2012-04-12,56.56901168823242,71.23999786376953,71.27999877929688,70.2699966430664,70.31999969482422,1428600
2012-04-13,55.87819290161133,70.37000274658203,71.05000305175781,70.33000183105469,71.05000305175781,1567400
2012-04-16,55.822608947753906,70.30000305175781,70.8499984741211,70.04000091552734,70.75,1439000
2012-04-17,56.67226791381836,71.37000274658203,71.55999755859375,70.72000122070312,70.77999877929688,1287900
2012-04-18,56.473731994628906,71.12000274658203,71.3499984741211,70.9800033569336,71.12999725341797,1873500
2012-04-19,56.1481819152832,70.70999908447266,71.47000122070312,70.37000274658203,71.08000183105469,2368300
2012-04-20,56.23552322387695,70.81999969482422,71.29000091552734,70.80000305175781,71.05999755859375,1219600
2012-04-23,55.75114440917969,70.20999908447266,70.25,69.70999908447266,70.12000274658203,2151700
2012-04-24,55.93377685546875,70.44000244140625,70.63999938964844,70.18000030517578,70.31999969482422,2764700
2012-04-25,56.75959396362305,71.4800033569336,71.5,71.0999984741211,71.13999938964844,1536200
2012-04-26,57.1724967956543,72.0,72.08999633789062,71.30000305175781,71.37999725341797,1029400
2012-04-27,57.3074951171875,72.16999816894531,72.3499984741211,71.7699966430664,72.1500015258789,1252600
2012-04-30,57.01369857788086,71.80000305175781,72.0999984741211,71.6500015258789,72.0,1108900
2012-05-01,57.37895584106445,72.26000213623047,72.79000091552734,71.7300033569336,71.80000305175781,2125400
2012-05-02,57.251922607421875,72.0999984741211,72.16000366210938,71.58999633789062,71.87000274658203,1403700
2012-05-03,56.751644134521484,71.47000122070312,72.1500015258789,71.29000091552734,72.12999725341797,1432600
2012-05-04,55.80673599243164,70.27999877929688,71.12999725341797,70.2300033569336,71.08000183105469,1771800
2012-05-07,55.84642028808594,70.33000183105469,70.55999755859375,70.0,70.08999633789062,1105600
2012-05-08,55.63997268676758,70.06999969482422,70.16999816894531,69.1500015258789,69.94000244140625,1909000
2012-05-09,55.30647659301758,69.6500015258789,70.08000183105469,68.98999786376953,69.30000305175781,2191700
2012-05-10,55.44939041137695,69.83000183105469,70.22000122070312,69.66999816894531,70.19000244140625,2928000
2012-05-11,55.298526763916016,69.63999938964844,70.23999786376953,69.31999969482422,69.3499984741211,1075400
2012-05-14,54.67121505737305,68.8499984741211,69.31999969482422,68.7300033569336,69.01000213623047,1631300
2012-05-15,54.37741470336914,68.4800033569336,69.19999694824219,68.33999633789062,68.80000305175781,1185200
2012-05-16,54.12329864501953,68.16000366210938,69.06999969482422,68.13999938964844,68.75,1893600
2012-05-17,53.18632888793945,66.9800033569336,68.25,66.9800033569336,68.16000366210938,2499400
2012-05-18,52.74164962768555,66.41999816894531,67.37999725341797,66.30000305175781,67.22000122070312,4340800
2012-05-21,53.71833419799805,67.6500015258789,67.6500015258789,66.45999908447266,66.62000274658203,2172400
2012-05-22,53.73420715332031,67.66999816894531,68.26000213623047,67.27999877929688,67.76000213623047,1907800
2012-05-23,53.829505920410156,67.79000091552734,67.88999938964844,66.55999755859375,67.2300033569336,1777100
2012-05-24,53.93274688720703,67.91999816894531,68.06999969482422,67.33000183105469,67.98999786376953,1193600
2012-05-25,53.805686950683594,67.76000213623047,68.08000183105469,67.58999633789062,67.93000030517578,692900
2012-05-29,54.45681381225586,68.58000183105469,68.69000244140625,68.05999755859375,68.26000213623047,2231400
2012-05-30,53.59922409057617,67.5,68.02999877929688,67.37999725341797,68.0,962400
2012-05-31,53.46424865722656,67.33000183105469,67.83000183105469,66.75,67.51000213623047,1701100
2012-06-01,52.09050750732422,65.5999984741211,66.47000122070312,65.56999969482422,66.23999786376953,2883200
2012-06-04,52.04286193847656,65.54000091552734,65.87999725341797,64.94000244140625,65.63999938964844,3083000
2012-06-05,52.439884185791016,66.04000091552734,66.1500015258789,65.33999633789062,65.38999938964844,1918900
2012-06-06,53.662757873535156,67.58000183105469,67.58000183105469,66.51000213623047,66.55999755859375,1571300
2012-06-07,53.59922409057617,67.5,68.4000015258789,67.41999816894531,68.37999725341797,2965700
2012-06-08,54.067710876464844,68.08999633789062,68.08999633789062,67.11000061035156,67.33999633789062,1076900
2012-06-11,53.3133544921875,67.13999938964844,68.70999908447266,67.04000091552734,68.6500015258789,1439700
2012-06-12,53.89300537109375,67.87000274658203,67.91999816894531,66.97000122070312,67.25,1324600
2012-06-13,53.49599838256836,67.37000274658203,68.08000183105469,67.16000366210938,67.6500015258789,1517100
2012-06-14,54.051856994628906,68.06999969482422,68.31999969482422,67.31999969482422,67.5,1638500
2012-06-15,54.607666015625,68.7699966430664,68.8499984741211,68.2300033569336,68.27999877929688,3736600
2012-06-18,54.7664909362793,68.97000122070312,69.13999938964844,68.33000183105469,68.55000305175781,1790500
2012-06-19,55.346160888671875,69.69999694824219,69.98999786376953,69.25,69.36000061035156,1461100
2012-06-20,55.24293899536133,69.56999969482422,69.93000030517578,69.08999633789062,69.72000122070312,1764800
2012-06-21,53.99623107910156,68.0,69.72000122070312,67.94000244140625,69.63999938964844,1732700
2012-06-22,54.43299102783203,68.55000305175781,68.66999816894531,68.0999984741211,68.3499984741211,1218300
2012-06-25,53.543907165527344,67.08999633789062,67.5,66.83999633789062,67.4800033569336,3125500
2012-06-26,53.79931640625,67.41000366210938,67.62999725341797,66.87999725341797,67.26000213623047,2155800
2012-06-27,54.31806564331055,68.05999755859375,68.16000366210938,67.58000183105469,67.5999984741211,2700300
2012-06-28,54.20634841918945,67.91999816894531,67.9800033569336,67.11000061035156,67.61000061035156,1266600
2012-06-29,55.626930236816406,69.69999694824219,69.69999694824219,68.97000122070312,69.19000244140625,2008600
2012-07-02,55.7785758972168,69.88999938964844,69.94999694824219,69.37999725341797,69.87000274658203,1567800
2012-07-03,56.23348617553711,70.45999908447266,70.48999786376953,69.83999633789062,69.94999694824219,1297100
2012-07-05,56.00202941894531,70.16999816894531,70.48999786376953,69.87999725341797,70.22000122070312,1128100
2012-07-06,55.475284576416016,69.51000213623047,69.63999938964844,69.13999938964844,69.54000091552734,2093000
2012-07-09,55.339630126953125,69.33999633789062,69.48999786376953,69.04000091552734,69.4000015258789,1117200
2012-07-10,54.844825744628906,68.72000122070312,69.81999969482422,68.4800033569336,69.69999694824219,1234800
2012-07-11,54.804893493652344,68.66999816894531,68.94999694824219,68.30000305175781,68.76000213623047,854400
2012-07-12,54.589412689208984,68.4000015258789,68.66000366210938,67.81999969482422,68.25,1466600
2012-07-13,55.44336700439453,69.47000122070312,69.54000091552734,68.5199966430664,68.54000091552734,2240100
2012-07-16,55.30767822265625,69.30000305175781,69.5,69.01000213623047,69.33000183105469,670900
2012-07-17,55.6748161315918,69.76000213623047,69.87999725341797,68.80999755859375,69.58000183105469,1976200
2012-07-18,56.073875427246094,70.26000213623047,70.44999694824219,69.54000091552734,69.55999755859375,1975400
2012-07-19,56.16963195800781,70.37999725341797,70.62999725341797,70.13999938964844,70.41000366210938,1023300
2012-07-20,55.658843994140625,69.73999786376953,70.08000183105469,69.66999816894531,70.0199966430664,1028600
2012-07-23,55.0443229675293,68.97000122070312,69.16999816894531,68.3499984741211,68.66000366210938,1398100
2012-07-24,54.549495697021484,68.3499984741211,69.05999755859375,67.9000015258789,69.04000091552734,1128500
2012-07-25,54.5574836730957,68.36000061035156,68.68000030517578,68.02999877929688,68.51000213623047,1299400
2012-07-26,55.387508392333984,69.4000015258789,69.56999969482422,68.97000122070312,69.37000274658203,1121000
2012-07-27,56.48090744018555,70.7699966430664,70.94000244140625,69.66999816894531,69.81999969482422,1422100
2012-07-30,56.42502975463867,70.69999694824219,71.05000305175781,70.48999786376953,70.70999908447266,1882700
2012-07-31,56.11377716064453,70.30999755859375,70.81999969482422,70.30999755859375,70.62999725341797,841100
2012-08-01,55.89031982421875,70.02999877929688,70.69000244140625,69.9800033569336,70.66999816894531,1300600
2012-08-02,55.507205963134766,69.55000305175781,70.02999877929688,69.02999877929688,69.55999755859375,1165700
2012-08-03,56.632545471191406,70.95999908447266,71.12999725341797,70.5,70.58999633789062,1486400
2012-08-06,56.77618408203125,71.13999938964844,71.41999816894531,71.08000183105469,71.12999725341797,1019600
2012-08-07,57.11936950683594,71.56999969482422,71.87999725341797,71.43000030517578,71.45999908447266,1085900
2012-08-08,57.19118118286133,71.66000366210938,71.75,71.29000091552734,71.31999969482422,945700
2012-08-09,57.23908996582031,71.72000122070312,71.87999725341797,71.51000213623047,71.52999877929688,699200
2012-08-10,57.35082244873047,71.86000061035156,71.87000274658203,71.33000183105469,71.5,1391300
2012-08-13,57.30292510986328,71.80000305175781,71.8499984741211,71.37999725341797,71.7300033569336,1489400
2012-08-14,57.28693771362305,71.77999877929688,72.12000274658203,71.58999633789062,72.08000183105469,1070300
2012-08-15,57.4146728515625,71.94000244140625,72.02999877929688,71.66000366210938,71.69000244140625,897400
2012-08-16,57.853614807128906,72.48999786376953,72.58000183105469,71.81999969482422,72.0199966430664,1422600
2012-08-17,57.96535110473633,72.62999725341797,72.69000244140625,72.44000244140625,72.55999755859375,1140400
2012-08-20,57.957374572753906,72.62000274658203,72.62999725341797,72.30000305175781,72.52999877929688,1145100
2012-08-21,57.83766555786133,72.47000122070312,73.11000061035156,72.25,72.80000305175781,2609400
2012-08-22,57.76581573486328,72.37999725341797,72.52999877929688,72.0199966430664,72.22000122070312,2093300
2012-08-23,57.334842681884766,71.83999633789062,72.2699966430664,71.72000122070312,72.26000213623047,1682300
2012-08-24,57.66207504272461,72.25,72.37999725341797,71.5999984741211,71.63999938964844,969800
2012-08-27,57.65408706665039,72.23999786376953,72.5199966430664,72.12999725341797,72.41999816894531,933600
2012-08-28,57.64611053466797,72.2300033569336,72.44000244140625,71.9800033569336,72.0999984741211,884000
2012-08-29,57.71792221069336,72.31999969482422,72.51000213623047,72.08999633789062,72.36000061035156,1230700
2012-08-30,57.28693771362305,71.77999877929688,72.05000305175781,71.62999725341797,72.05000305175781,718000
2012-08-31,57.630165100097656,72.20999908447266,72.44999694824219,71.68000030517578,72.2300033569336,1273600
2012-09-04,57.59025955200195,72.16000366210938,72.38999938964844,71.62000274658203,72.13999938964844,1194900
2012-09-05,57.59025955200195,72.16000366210938,72.41999816894531,72.01000213623047,72.2300033569336,998200
2012-09-06,58.739498138427734,73.5999984741211,73.61000061035156,72.55000305175781,72.55000305175781,1738500
2012-09-07,59.02682113647461,73.95999908447266,73.95999908447266,73.68000030517578,73.75,1408300
2012-09-10,58.67562484741211,73.5199966430664,73.9800033569336,73.5,73.87999725341797,962600
2012-09-11,58.80332565307617,73.68000030517578,73.94999694824219,73.55000305175781,73.55999755859375,1335000
2012-09-12,59.05072784423828,73.98999786376953,74.04000091552734,73.72000122070312,73.98999786376953,1364800
2012-09-13,59.936607360839844,75.0999984741211,75.31999969482422,73.83999633789062,73.97000122070312,2242100
2012-09-14,60.25586700439453,75.5,75.91000366210938,75.19999694824219,75.22000122070312,5731100
2012-09-17,60.008445739746094,75.19000244140625,75.43000030517578,74.97000122070312,75.37000274658203,1347900
2012-09-18,59.90471267700195,75.05999755859375,75.16000366210938,74.86000061035156,75.04000091552734,2004200
2012-09-19,59.95257568359375,75.12000274658203,75.33000183105469,74.94999694824219,75.12000274658203,836100
2012-09-20,59.872779846191406,75.0199966430664,75.05000305175781,74.51000213623047,74.75,2569500
2012-09-21,59.888755798339844,75.04000091552734,75.41000366210938,75.0199966430664,75.4000015258789,954600
2012-09-24,59.7556037902832,74.51000213623047,74.69000244140625,74.26000213623047,74.33000183105469,1437100
2012-09-25,59.14609909057617,73.75,74.79000091552734,73.6500015258789,74.69000244140625,1619200
2012-09-26,58.75313186645508,73.26000213623047,73.68000030517578,73.04000091552734,73.66999816894531,1482600
2012-09-27,59.33857727050781,73.98999786376953,74.12999725341797,73.3499984741211,73.56999969482422,956900
2012-09-28,59.06589126586914,73.6500015258789,73.94000244140625,73.36000061035156,73.70999908447266,1398000
2012-10-01,59.17015838623047,73.77999877929688,74.47000122070312,73.62999725341797,73.98999786376953,1864000
2012-10-02,59.25838851928711,73.88999938964844,74.20999908447266,73.55000305175781,74.08999633789062,2136000
2012-10-03,59.474918365478516,74.16000366210938,74.33999633789062,73.66999816894531,74.05999755859375,1118800
2012-10-04,59.92404556274414,74.72000122070312,74.73999786376953,74.30999755859375,74.41000366210938,1614500
2012-10-05,59.90800857543945,74.69999694824219,75.25,74.47000122070312,75.05000305175781,1317400
2012-10-08,59.67543411254883,74.41000366210938,74.52999877929688,74.26000213623047,74.37999725341797,1128700
2012-10-09,59.07393264770508,73.66000366210938,74.41000366210938,73.63999938964844,74.36000061035156,4611600
2012-10-10,58.72908020019531,73.2300033569336,73.70999908447266,73.12000274658203,73.6500015258789,1264000
2012-10-11,58.8172607421875,73.33999633789062,73.87999725341797,73.33000183105469,73.80000305175781,1405800
2012-10-12,58.56065368652344,73.0199966430664,73.58000183105469,72.87999725341797,73.37999725341797,2111900
2012-10-15,59.04184341430664,73.62000274658203,73.68000030517578,72.94000244140625,73.16999816894531,948800
2012-10-16,59.65138626098633,74.37999725341797,74.41000366210938,73.9000015258789,73.94999694824219,2616300
2012-10-17,59.93204879760742,74.7300033569336,74.79000091552734,74.30000305175781,74.44000244140625,1265200
2012-10-18,59.8117561340332,74.58000183105469,74.87000274658203,74.30999755859375,74.56999969482422,1156900
2012-10-19,58.77719497680664,73.29000091552734,74.3499984741211,73.11000061035156,74.3499984741211,1466500
2012-10-22,58.77719497680664,73.29000091552734,73.41999816894531,72.7300033569336,73.19000244140625,1394100
2012-10-23,58.03135299682617,72.36000061035156,72.6500015258789,71.94999694824219,72.5,2302400
2012-10-24,57.87097930908203,72.16000366210938,72.7300033569336,72.04000091552734,72.62999725341797,1250400
2012-10-25,58.03135299682617,72.36000061035156,72.80000305175781,71.91999816894531,72.68000030517578,1092600
2012-10-26,57.967201232910156,72.27999877929688,72.54000091552734,71.80000305175781,72.30000305175781,1154800
2012-10-31,57.999263763427734,72.31999969482422,72.62999725341797,72.0,72.58000183105469,1373200
2012-11-01,58.72908020019531,73.2300033569336,73.2699966430664,72.44999694824219,72.54000091552734,1519100
2012-11-02,58.11957931518555,72.47000122070312,73.62999725341797,72.43000030517578,73.61000061035156,1467200
2012-11-05,58.30402755737305,72.69999694824219,72.81999969482422,72.19999694824219,72.38999938964844,1368200
2012-11-06,58.745140075683594,73.25,73.51000213623047,72.81999969482422,72.9000015258789,1066100
2012-11-07,57.42986297607422,71.61000061035156,72.62999725341797,71.27999877929688,72.62000274658203,4727300
2012-11-08,56.700069427490234,70.69999694824219,71.91999816894531,70.69999694824219,71.5999984741211,1926100
2012-11-09,56.75621795654297,70.7699966430664,71.72000122070312,70.4800033569336,70.54000091552734,1974100
2012-11-12,56.788291931152344,70.80999755859375,71.0999984741211,70.68000030517578,70.98999786376953,3436500
2012-11-13,56.57175064086914,70.54000091552734,71.2699966430664,70.36000061035156,70.44999694824219,1497500
2012-11-14,55.777767181396484,69.55000305175781,70.87000274658203,69.37000274658203,70.77999877929688,3587700
2012-11-15,55.6334342956543,69.37000274658203,69.79000091552734,69.06999969482422,69.5,2332100
2012-11-16,55.938175201416016,69.75,69.91000366210938,68.9000015258789,69.47000122070312,1807200
2012-11-19,57.093048095703125,71.19000244140625,71.19999694824219,70.54000091552734,70.56999969482422,2239700
2012-11-20,57.15719223022461,71.2699966430664,71.33999633789062,70.70999908447266,71.0999984741211,2151200
2012-11-21,57.301536560058594,71.44999694824219,71.4800033569336,71.18000030517578,71.30000305175781,1144700
2012-11-23,58.04738235473633,72.37999725341797,72.37999725341797,71.7300033569336,71.7699966430664,787900
2012-11-26,57.9752197265625,72.29000091552734,72.29000091552734,71.81999969482422,72.05999755859375,1698500
2012-11-27,57.67043685913086,71.91000366210938,72.44000244140625,71.88999938964844,72.16999816894531,1655500
2012-11-28,58.12758255004883,72.4800033569336,72.51000213623047,71.23999786376953,71.6500015258789,1733100
2012-11-29,58.464420318603516,72.9000015258789,73.05000305175781,72.5,72.81999969482422,3237100
2012-11-30,58.4483757019043,72.87999725341797,73.0199966430664,72.6500015258789,72.91000366210938,1773800
2012-12-03,58.1917610168457,72.55999755859375,73.29000091552734,72.51000213623047,73.2699966430664,1671200
2012-12-04,58.111541748046875,72.45999908447266,72.77999877929688,72.26000213623047,72.58000183105469,1325600
2012-12-05,58.22382736206055,72.5999984741211,72.91000366210938,72.04000091552734,72.58000183105469,1913700
2012-12-06,58.40827941894531,72.83000183105469,72.86000061035156,72.43000030517578,72.54000091552734,1273000
2012-12-07,58.57672119140625,73.04000091552734,73.19000244140625,72.69000244140625,73.11000061035156,1845700
2012-12-10,58.648868560791016,73.12999725341797,73.2699966430664,72.94999694824219,72.98999786376953,1318500
2012-12-11,59.01777267456055,73.58999633789062,73.91999816894531,73.4000015258789,73.44000244140625,2300700
2012-12-12,59.04184341430664,73.62000274658203,74.13999938964844,73.52999877929688,73.94000244140625,2046200
2012-12-13,58.70503234863281,73.19999694824219,73.79000091552734,73.0,73.5999984741211,2235500
2012-12-14,58.45638656616211,72.88999938964844,73.18000030517578,72.80000305175781,73.0199966430664,1810600
2012-12-17,59.186195373535156,73.80000305175781,73.80000305175781,73.05000305175781,73.12000274658203,3289300
2012-12-18,59.87592315673828,74.66000366210938,74.70999908447266,73.80000305175781,73.94000244140625,3438600
2012-12-19,59.50697708129883,74.19999694824219,74.87999725341797,74.16999816894531,74.83999633789062,3682400
2012-12-20,59.83420944213867,74.05999755859375,74.06999969482422,73.4800033569336,73.72000122070312,4601000
2012-12-21,59.32522201538086,73.43000030517578,73.54000091552734,72.97000122070312,73.0199966430664,4402300
2012-12-24,59.123252868652344,73.18000030517578,73.26000213623047,73.0999984741211,73.19999694824219,1429200
2012-12-26,58.84046936035156,72.83000183105469,73.3499984741211,72.68000030517578,73.31999969482422,2479600
2012-12-27,58.79197692871094,72.7699966430664,73.0199966430664,71.94000244140625,72.87999725341797,3277500
2012-12-28,58.153724670410156,71.9800033569336,72.68000030517578,71.97000122070312,72.33000183105469,3618600
2012-12-31,59.20402908325195,73.27999877929688,73.30999755859375,71.81999969482422,71.87999725341797,8359300
2013-01-02,60.706748962402344,75.13999938964844,75.1500015258789,74.5,74.52999877929688,5037200
2013-01-03,60.61787414550781,75.02999877929688,75.37000274658203,74.83999633789062,75.12000274658203,2634600
2013-01-04,60.92488479614258,75.41000366210938,75.5199966430664,74.98999786376953,75.13999938964844,2512900
2013-01-07,60.76331329345703,75.20999908447266,75.27999877929688,74.94999694824219,75.18000030517578,2511200
2013-01-08,60.601715087890625,75.01000213623047,75.18000030517578,74.69999694824219,75.11000061035156,1407900
2013-01-09,60.78754806518555,75.23999786376953,75.41000366210938,75.11000061035156,75.19000244140625,1421900
2013-01-10,61.20768356323242,75.76000213623047,75.7699966430664,75.22000122070312,75.62000274658203,1403700
2013-01-11,61.215721130371094,75.7699966430664,75.80000305175781,75.51000213623047,75.76000213623047,1248500
2013-01-14,61.15114212036133,75.69000244140625,75.80000305175781,75.44000244140625,75.75,2745100
2013-01-15,61.26418685913086,75.83000183105469,75.88999938964844,75.33999633789062,75.4000015258789,1109100
2013-01-16,61.215721130371094,75.7699966430664,75.91000366210938,75.58999633789062,75.68000030517578,1211300
2013-01-17,61.6358528137207,76.29000091552734,76.5,76.0,76.11000061035156,1534800
2013-01-18,61.80551528930664,76.5,76.54000091552734,76.04000091552734,76.31999969482422,2173800
2013-01-22,62.128684997558594,76.9000015258789,76.9000015258789,76.33000183105469,76.5,3583900
2013-01-23,62.20140838623047,76.98999786376953,77.08000183105469,76.77999877929688,76.93000030517578,2295000
2013-01-24,62.274112701416016,77.08000183105469,77.44000244140625,76.86000061035156,76.91999816894531,5386800
2013-01-25,62.62150573730469,77.51000213623047,77.52999877929688,77.12000274658203,77.37999725341797,2997100
2013-01-28,62.5649528503418,77.44000244140625,77.61000061035156,77.1500015258789,77.5999984741211,1634100
2013-01-29,62.774993896484375,77.69999694824219,77.7699966430664,77.23999786376953,77.33999633789062,2279300
2013-01-30,62.524559020996094,77.38999938964844,77.83000183105469,77.2699966430664,77.69000244140625,2074200
2013-01-31,62.411460876464844,77.25,77.5,77.1500015258789,77.33000183105469,2611300
2013-02-01,63.01737976074219,78.0,78.11000061035156,77.61000061035156,77.77999877929688,2550000
2013-02-04,62.354915618896484,77.18000030517578,77.72000122070312,77.12999725341797,77.63999938964844,2457700
2013-02-05,62.9446907043457,77.91000366210938,78.11000061035156,77.54000091552734,77.62000274658203,1609800
2013-02-06,63.05778121948242,78.05000305175781,78.05999755859375,77.5999984741211,77.68000030517578,1739400
2013-02-07,62.9446907043457,77.91000366210938,78.12999725341797,77.36000061035156,78.05000305175781,2260100
2013-02-08,63.32439422607422,78.37999725341797,78.37999725341797,78.01000213623047,78.02999877929688,4399000
2013-02-11,63.29206466674805,78.33999633789062,78.38999938964844,78.13999938964844,78.36000061035156,2112700
2013-02-12,63.397090911865234,78.47000122070312,78.5999984741211,78.27999877929688,78.33999633789062,1568600
2013-02-13,63.486000061035156,78.58000183105469,78.79000091552734,78.33999633789062,78.68000030517578,1346500
2013-02-14,63.566776275634766,78.68000030517578,78.75,78.27999877929688,78.3499984741211,1287500
2013-02-15,63.49404525756836,78.58999633789062,78.83000183105469,78.31999969482422,78.75,1248400
2013-02-19,63.93840789794922,79.13999938964844,79.16000366210938,78.70999908447266,78.70999908447266,1763000
2013-02-20,63.090091705322266,78.08999633789062,79.12999725341797,78.08000183105469,79.11000061035156,2507600
2013-02-21,62.661922454833984,77.55999755859375,77.88999938964844,77.25,77.88999938964844,2641300
2013-02-22,63.2678337097168,78.30999755859375,78.30999755859375,77.7699966430664,77.91999816894531,1833200
2013-02-25,62.10444641113281,76.87000274658203,78.77999877929688,76.8499984741211,78.68000030517578,1979400
2013-02-26,62.50033950805664,77.36000061035156,77.44000244140625,76.66999816894531,77.19000244140625,2505700
2013-02-27,63.2678337097168,78.30999755859375,78.52999877929688,77.26000213623047,77.2699966430664,1442500
2013-02-28,63.211273193359375,78.23999786376953,78.80999755859375,78.12999725341797,78.30999755859375,1564400
2013-03-01,63.356719970703125,78.41999816894531,78.5,77.51000213623047,77.95999908447266,1884800
2013-03-04,63.6475715637207,78.77999877929688,78.77999877929688,78.0999984741211,78.23999786376953,1418100
2013-03-05,64.2857894897461,79.56999969482422,79.72000122070312,79.0999984741211,79.1500015258789,1855000
2013-03-06,64.38278198242188,79.69000244140625,79.88999938964844,79.5199966430664,79.83999633789062,2045000
2013-03-07,64.5362777709961,79.87999725341797,79.94999694824219,79.72000122070312,79.80000305175781,1564000
2013-03-08,64.85135650634766,80.2699966430664,80.36000061035156,79.81999969482422,80.2300033569336,1984200
2013-03-11,65.03718566894531,80.5,80.52999877929688,80.08999633789062,80.19000244140625,1610000
2013-03-12,64.92406463623047,80.36000061035156,80.56999969482422,80.12000274658203,80.47000122070312,1505700
2013-03-13,65.0452651977539,80.51000213623047,80.61000061035156,80.1500015258789,80.37000274658203,1021900
2013-03-14,65.40882110595703,80.95999908447266,80.98999786376953,80.68000030517578,80.72000122070312,1328200
2013-03-15,65.33612060546875,80.87000274658203,80.97000122070312,80.5999984741211,80.9000015258789,1850700
2013-03-18,64.9806137084961,80.43000030517578,80.7699966430664,80.0,80.13999938964844,1983400
2013-03-19,64.8028793334961,80.20999908447266,80.72000122070312,79.69000244140625,80.5999984741211,1522500
2013-03-20,65.2876205444336,80.80999755859375,80.93000030517578,80.55999755859375,80.6500015258789,1475900
2013-03-21,64.76248931884766,80.16000366210938,80.61000061035156,79.98999786376953,80.33999633789062,1418500
2013-03-22,65.16342163085938,80.29000091552734,80.31999969482422,79.97000122070312,80.02999877929688,1648200
2013-03-25,64.94427490234375,80.0199966430664,80.69999694824219,79.72000122070312,80.55000305175781,2905700
2013-03-26,65.4312515258789,80.62000274658203,80.62999725341797,80.23999786376953,80.33999633789062,1322900
2013-03-27,65.47994232177734,80.68000030517578,80.70999908447266,80.01000213623047,80.16000366210938,2494200
2013-03-28,65.70719146728516,80.95999908447266,81.0199966430664,80.58000183105469,80.66999816894531,1897700
2013-04-01,65.35819244384766,80.52999877929688,81.05999755859375,80.31999969482422,80.94999694824219,3097600
2013-04-02,65.552978515625,80.7699966430664,81.04000091552734,80.54000091552734,80.86000061035156,2480900
2013-04-03,64.8387680053711,79.88999938964844,80.87999725341797,79.68000030517578,80.81999969482422,2266100
2013-04-04,65.12281799316406,80.23999786376953,80.33000183105469,79.81999969482422,80.01000213623047,1317800
2013-04-05,64.89556884765625,79.95999908447266,80.01000213623047,79.13999938964844,79.26000213623047,1533500
2013-04-08,65.29328155517578,80.44999694824219,80.47000122070312,79.7300033569336,80.0,1927500
2013-04-09,65.47994232177734,80.68000030517578,80.98999786376953,80.33999633789062,80.5999984741211,1178300
2013-04-10,66.32398986816406,81.72000122070312,81.80000305175781,80.87000274658203,80.87999725341797,2209500
2013-04-11,66.57559967041016,82.02999877929688,82.27999877929688,81.69000244140625,81.7300033569336,1263200
2013-04-12,66.3402328491211,81.73999786376953,81.91999816894531,81.31999969482422,81.76000213623047,1413500
2013-04-15,64.72512817382812,79.75,81.44999694824219,79.73999786376953,81.44999694824219,3054500
2013-04-16,65.68283081054688,80.93000030517578,80.9800033569336,80.13999938964844,80.36000061035156,1945500
2013-04-17,64.70076751708984,79.72000122070312,80.41999816894531,79.29000091552734,80.38999938964844,2688400
2013-04-18,64.29502868652344,79.22000122070312,79.91000366210938,78.93000030517578,79.8499984741211,1505800
2013-04-19,64.91181945800781,79.9800033569336,80.01000213623047,79.2300033569336,79.48999786376953,965500
2013-04-22,65.1877670288086,80.31999969482422,80.5,79.55000305175781,80.12999725341797,1237200
2013-04-23,65.89387512207031,81.19000244140625,81.23999786376953,80.38999938964844,80.72000122070312,1957600
2013-04-24,65.99122619628906,81.30999755859375,81.5,81.06999969482422,81.19999694824219,1039800
2013-04-25,66.25909423828125,81.63999938964844,82.04000091552734,81.44999694824219,81.54000091552734,1120900
2013-04-26,66.1373291015625,81.48999786376953,81.68000030517578,81.22000122070312,81.52999877929688,1150200
2013-04-29,66.55937194824219,82.01000213623047,82.19000244140625,81.58999633789062,81.70999908447266,2118600
2013-04-30,66.76226806640625,82.26000213623047,82.30000305175781,81.69000244140625,82.0199966430664,1740800
2013-05-01,66.08050537109375,81.41999816894531,82.16999816894531,81.37999725341797,82.11000061035156,2159700
2013-05-02,66.77037048339844,82.2699966430664,82.31999969482422,81.61000061035156,81.61000061035156,1616200
2013-05-03,67.39532470703125,83.04000091552734,83.37999725341797,82.86000061035156,82.98999786376953,2382900
2013-05-06,67.65504455566406,83.36000061035156,83.45999908447266,83.0999984741211,83.1500015258789,1879100
2013-05-07,68.02836608886719,83.81999969482422,83.83000183105469,83.30999755859375,83.58000183105469,1967400
2013-05-08,68.34490966796875,84.20999908447266,84.20999908447266,83.68000030517578,83.72000122070312,1734900
2013-05-09,68.11764526367188,83.93000030517578,84.3499984741211,83.73999786376953,84.19000244140625,1495200
2013-05-10,68.41793823242188,84.30000305175781,84.30000305175781,83.80999755859375,84.04000091552734,1333200
2013-05-13,68.43415069580078,84.31999969482422,84.44000244140625,83.95999908447266,84.19000244140625,1285300
2013-05-14,69.14025115966797,85.19000244140625,85.25,84.4000015258789,84.4000015258789,1440100
2013-05-15,69.44055938720703,85.55999755859375,85.79000091552734,85.0199966430664,85.05999755859375,2743600
2013-05-16,69.15650177001953,85.20999908447266,85.76000213623047,85.0999984741211,85.52999877929688,2006200
2013-05-17,69.86260986328125,86.08000183105469,86.08999633789062,85.45999908447266,85.56999969482422,1540200
2013-05-20,69.85446166992188,86.06999969482422,86.38999938964844,85.9000015258789,86.01000213623047,1680900
2013-05-21,69.96810150146484,86.20999908447266,86.4800033569336,85.86000061035156,86.13999938964844,1483200
2013-05-22,69.2782211303711,85.36000061035156,87.08999633789062,85.0,86.27999877929688,3378000
2013-05-23,69.14838409423828,85.19999694824219,85.37000274658203,84.31999969482422,84.48999786376953,2748400
2013-05-24,69.05908966064453,85.08999633789062,85.0999984741211,84.37999725341797,84.66000366210938,1151700
2013-05-28,69.5054702758789,85.63999938964844,86.41999816894531,85.33999633789062,86.02999877929688,2120900
2013-05-29,69.03475952148438,85.05999755859375,85.31999969482422,84.56999969482422,85.19999694824219,2420800
2013-05-30,69.31881713867188,85.41000366210938,85.7699966430664,85.08000183105469,85.16000366210938,1630000
2013-05-31,68.39356231689453,84.2699966430664,85.6500015258789,84.19999694824219,85.18000030517578,2005100
2013-06-03,68.66954803466797,84.61000061035156,84.66000366210938,83.73999786376953,84.44999694824219,3620100
2013-06-04,68.33678436279297,84.19999694824219,84.98999786376953,83.7699966430664,84.72000122070312,2311900
2013-06-05,67.3709945678711,83.01000213623047,84.11000061035156,82.94000244140625,83.98999786376953,2944800
2013-06-06,68.00403594970703,83.79000091552734,83.80000305175781,82.52999877929688,82.98999786376953,2633900
2013-06-07,68.84809875488281,84.83000183105469,84.9000015258789,83.97000122070312,84.3499984741211,2391500
2013-06-10,68.8724136352539,84.86000061035156,85.16000366210938,84.61000061035156,85.1500015258789,3643600
2013-06-11,68.17447662353516,84.0,84.72000122070312,83.7699966430664,84.0999984741211,2102200
2013-06-12,67.59825134277344,83.29000091552734,84.62999725341797,83.19000244140625,84.58000183105469,2568400
2013-06-13,68.64520263671875,84.58000183105469,84.72000122070312,83.02999877929688,83.22000122070312,4100100
2013-06-14,68.2555923461914,84.0999984741211,84.80999755859375,83.93000030517578,84.48999786376953,1653500
2013-06-17,68.7344741821289,84.69000244140625,85.05999755859375,84.26000213623047,84.66999816894531,2416900
2013-06-18,69.25387573242188,85.33000183105469,85.5199966430664,84.79000091552734,84.79000091552734,2095100
2013-06-19,68.36923217773438,84.23999786376953,85.47000122070312,84.20999908447266,85.19000244140625,4448100
2013-06-20,66.67300415039062,82.1500015258789,83.47000122070312,81.9000015258789,83.47000122070312,4933200
2013-06-21,66.84341430664062,82.36000061035156,82.77999877929688,81.47000122070312,82.62999725341797,4227700
2013-06-24,65.98397064208984,80.91999816894531,81.61000061035156,80.19000244140625,81.11000061035156,5378400
2013-06-25,66.64448547363281,81.7300033569336,81.98999786376953,81.11000061035156,81.66000366210938,2625000
2013-06-26,67.26417541503906,82.48999786376953,82.69000244140625,82.05000305175781,82.4000015258789,2496900
2013-06-27,67.76160430908203,83.0999984741211,83.4000015258789,82.98999786376953,83.0199966430664,2211600
2013-06-28,67.41094970703125,82.66999816894531,83.30999755859375,82.51000213623047,82.93000030517578,3023200
2013-07-01,67.9736099243164,83.36000061035156,83.94000244140625,83.11000061035156,83.29000091552734,2097000
2013-07-02,67.90021514892578,83.2699966430664,83.88999938964844,82.94000244140625,83.33000183105469,1958500
2013-07-03,67.99806213378906,83.38999938964844,83.58999633789062,82.83000183105469,82.98999786376953,1004800
2013-07-05,68.72379302978516,84.27999877929688,84.30000305175781,83.33000183105469,84.0199966430664,2434000
2013-07-08,69.0907211303711,84.7300033569336,84.95999908447266,84.55999755859375,84.70999908447266,1972700
2013-07-09,69.5799789428711,85.33000183105469,85.45999908447266,84.87999725341797,85.2300033569336,2229900
2013-07-10,69.61260986328125,85.37000274658203,85.62999725341797,85.12000274658203,85.29000091552734,4399500
2013-07-11,70.62374877929688,86.61000061035156,86.63999938964844,86.11000061035156,86.43000030517578,3560300
2013-07-12,70.68892669677734,86.69000244140625,86.83000183105469,86.44000244140625,86.54000091552734,2141400
2013-07-15,70.95803833007812,87.0199966430664,87.11000061035156,86.7300033569336,86.91000366210938,2340200
2013-07-16,70.6400375366211,86.62999725341797,87.0999984741211,86.41999816894531,87.06999969482422,1637900
2013-07-17,70.86834716796875,86.91000366210938,87.12999725341797,86.76000213623047,87.01000213623047,1718700
2013-07-18,71.26790618896484,87.4000015258789,87.58999633789062,87.01000213623047,87.08999633789062,2100100
2013-07-19,71.37393188476562,87.52999877929688,87.52999877929688,87.0999984741211,87.19999694824219,1604300
2013-07-22,71.52884674072266,87.72000122070312,87.81999969482422,87.47000122070312,87.69000244140625,2121000
2013-07-23,71.39836883544922,87.55999755859375,88.0,87.51000213623047,87.93000030517578,1915200
2013-07-24,71.11298370361328,87.20999908447266,87.98999786376953,87.02999877929688,87.94999694824219,2997600
2013-07-25,71.37393188476562,87.52999877929688,87.56999969482422,86.94999694824219,87.0,1781800
2013-07-26,71.3820571899414,87.54000091552734,87.56999969482422,86.79000091552734,87.2300033569336,1845100
2013-07-29,71.13743591308594,87.23999786376953,87.56999969482422,87.0199966430664,87.41999816894531,1681800
2013-07-30,71.2108154296875,87.33000183105469,87.62000274658203,87.0999984741211,87.54000091552734,1379400
2013-07-31,71.28419494628906,87.41999816894531,88.0,87.31999969482422,87.43000030517578,2211400
2013-08-01,72.18933868408203,88.52999877929688,88.5999984741211,88.06999969482422,88.0999984741211,2416600
2013-08-02,72.22196960449219,88.56999969482422,88.62000274658203,88.19000244140625,88.43000030517578,2224400
2013-08-05,72.23009490966797,88.58000183105469,88.69000244140625,88.33999633789062,88.51000213623047,1167300
2013-08-06,71.75716400146484,88.0,88.54000091552734,87.7699966430664,88.51000213623047,1587700
2013-08-07,71.47179412841797,87.6500015258789,87.77999877929688,87.29000091552734,87.66000366210938,1542700
2013-08-08,71.76532745361328,88.01000213623047,88.18000030517578,87.55999755859375,88.08999633789062,2251200
2013-08-09,71.58592987060547,87.79000091552734,88.16999816894531,87.47000122070312,87.9000015258789,2519700
2013-08-12,71.53703308105469,87.7300033569336,87.83000183105469,87.25,87.38999938964844,1102100
2013-08-13,71.69193267822266,87.91999816894531,88.04000091552734,87.31999969482422,87.91999816894531,1298200
2013-08-14,71.31684875488281,87.45999908447266,88.0,87.44000244140625,87.9000015258789,1369500
2013-08-15,70.25682830810547,86.16000366210938,86.81999969482422,86.05000305175781,86.81999969482422,2729700
2013-08-16,70.0284652709961,85.87999725341797,86.33999633789062,85.7300033569336,86.08000183105469,4926400
2013-08-19,69.5555191040039,85.30000305175781,86.05999755859375,85.30000305175781,85.6500015258789,2112200
2013-08-20,70.01216125488281,85.86000061035156,86.13999938964844,85.36000061035156,85.43000030517578,2044700
2013-08-21,69.60444641113281,85.36000061035156,86.08999633789062,85.12000274658203,85.62999725341797,3102600
2013-08-22,70.22418212890625,86.12000274658203,86.27999877929688,85.55000305175781,85.55000305175781,2065100
2013-08-23,70.51776123046875,86.4800033569336,86.55999755859375,85.98999786376953,86.41000366210938,1267900
2013-08-26,70.33834075927734,86.26000213623047,86.86000061035156,86.13999938964844,86.58999633789062,1982000
2013-08-27,69.0907211303711,84.7300033569336,85.6500015258789,84.68000030517578,85.37000274658203,2180200
2013-08-28,69.3435287475586,85.04000091552734,85.33999633789062,84.5999984741211,84.72000122070312,1444100
2013-08-29,69.53105163574219,85.2699966430664,85.68000030517578,84.8499984741211,84.87999725341797,1291300
2013-08-30,69.12335968017578,84.7699966430664,85.44999694824219,84.62000274658203,85.44000244140625,2437700
2013-09-03,69.4739761352539,85.19999694824219,85.91999816894531,84.83999633789062,85.7699966430664,1807200
2013-09-04,70.09369659423828,85.95999908447266,86.08000183105469,85.12000274658203,85.2699966430664,2610800
2013-09-05,70.17524719238281,86.05999755859375,86.2699966430664,85.98999786376953,86.01000213623047,1511200
2013-09-06,70.2322998046875,86.12999725341797,86.63999938964844,85.30999755859375,86.4000015258789,1807600
2013-09-09,71.02327728271484,87.0999984741211,87.12999725341797,86.41999816894531,86.43000030517578,1811100
2013-09-10,71.57778930664062,87.77999877929688,87.77999877929688,87.43000030517578,87.66000366210938,3454900
2013-09-11,71.76532745361328,88.01000213623047,88.0199966430664,87.48999786376953,87.69999694824219,1573200
2013-09-12,71.54512786865234,87.73999786376953,88.12000274658203,87.6500015258789,88.02999877929688,1124600
2013-09-13,71.69193267822266,87.91999816894531,88.0,87.62000274658203,87.87000274658203,1793300
2013-09-16,72.10780334472656,88.43000030517578,89.0,88.30000305175781,88.93000030517578,2519600
2013-09-17,72.49104309082031,88.9000015258789,88.9000015258789,88.54000091552734,88.54000091552734,1656800
2013-09-18,73.3390884399414,89.94000244140625,90.12000274658203,88.58000183105469,88.91999816894531,2702700
2013-09-19,73.22492218017578,89.80000305175781,90.2300033569336,89.66000366210938,90.06999969482422,2644500
2013-09-20,72.73564910888672,89.19999694824219,90.0,89.08000183105469,89.88999938964844,2673500
2013-09-23,72.40711975097656,88.37000274658203,88.68000030517578,87.98999786376953,88.51000213623047,2586500
2013-09-24,72.29241180419922,88.2300033569336,88.76000213623047,88.01000213623047,88.23999786376953,4013500
2013-09-25,72.16129302978516,88.06999969482422,88.5,87.94999694824219,88.33999633789062,1345300
2013-09-26,72.43990325927734,88.41000366210938,88.66000366210938,88.0999984741211,88.22000122070312,1210000
2013-09-27,72.15308380126953,88.05999755859375,88.1500015258789,87.79000091552734,87.98999786376953,1938800
2013-09-30,71.81719207763672,87.6500015258789,87.87999725341797,87.0999984741211,87.37999725341797,2522100
2013-10-01,72.43990325927734,88.41000366210938,88.4800033569336,87.66999816894531,87.73999786376953,3075700
2013-10-02,72.31697845458984,88.26000213623047,88.30999755859375,87.61000061035156,87.91000366210938,2014400
2013-10-03,71.70245361328125,87.51000213623047,88.16000366210938,87.04000091552734,88.04000091552734,8263300
2013-10-04,72.22683715820312,88.1500015258789,88.23999786376953,87.44000244140625,87.56999969482422,2509800
2013-10-07,71.57955932617188,87.36000061035156,87.86000061035156,87.30000305175781,87.44999694824219,1598500
2013-10-08,70.62906646728516,86.19999694824219,87.43000030517578,86.16000366210938,87.25,3431800
2013-10-09,70.57991790771484,86.13999938964844,86.51000213623047,85.62999725341797,86.37999725341797,3786700
2013-10-10,72.16947937011719,88.08000183105469,88.12000274658203,87.05999755859375,87.08000183105469,4036900
2013-10-11,72.677490234375,88.69999694824219,88.7300033569336,87.9000015258789,87.9800033569336,3132700
2013-10-14,72.99703216552734,89.08999633789062,89.12999725341797,87.9800033569336,88.12000274658203,1851400
2013-10-15,72.43990325927734,88.41000366210938,89.1500015258789,88.27999877929688,88.88999938964844,2603000
2013-10-16,73.45588684082031,89.6500015258789,89.66999816894531,88.87999725341797,88.98999786376953,2427700
2013-10-17,73.99666595458984,90.30999755859375,90.3499984741211,89.26000213623047,89.3499984741211,4442100
2013-10-18,74.52104949951172,90.94999694824219,90.9800033569336,90.44999694824219,90.70999908447266,2996600
2013-10-21,74.4800796508789,90.9000015258789,91.13999938964844,90.72000122070312,91.0,2461600
2013-10-22,74.9061508178711,91.41999816894531,91.7300033569336,91.01000213623047,91.22000122070312,3757600
2013-10-23,74.55382537841797,90.98999786376953,91.22000122070312,90.62999725341797,91.16999816894531,2779500
2013-10-24,74.84059143066406,91.33999633789062,91.38999938964844,90.91000366210938,91.25,1713400
2013-10-25,75.11100769042969,91.66999816894531,91.66999816894531,91.26000213623047,91.56999969482422,2038100
2013-10-28,75.16836547851562,91.73999786376953,91.8499984741211,91.45999908447266,91.6500015258789,1711900
2013-10-29,75.54525756835938,92.19999694824219,92.19999694824219,91.80000305175781,91.94999694824219,1454400
2013-10-30,75.1028060913086,91.66000366210938,92.4000015258789,91.30999755859375,92.3499984741211,2641200
2013-10-31,74.88157653808594,91.38999938964844,91.94999694824219,91.18000030517578,91.58999633789062,2937900
2013-11-01,74.97994232177734,91.51000213623047,91.79000091552734,91.0,91.44000244140625,2477600
2013-11-04,75.32402038574219,91.93000030517578,91.97000122070312,91.55999755859375,91.80999755859375,3443700
2013-11-05,75.1028060913086,91.66000366210938,91.86000061035156,91.2699966430664,91.69999694824219,2301300
2013-11-06,75.29947662353516,91.9000015258789,92.23999786376953,91.66999816894531,92.08000183105469,2655100
2013-11-07,74.29981231689453,90.68000030517578,92.19000244140625,90.5999984741211,92.19000244140625,2876200
2013-11-08,75.291259765625,91.88999938964844,91.88999938964844,90.66999816894531,90.75,2637800
2013-11-11,75.34042358398438,91.94999694824219,92.06999969482422,91.7300033569336,91.79000091552734,1729500
2013-11-12,75.22573852539062,91.80999755859375,91.94999694824219,91.45999908447266,91.76000213623047,2067900
2013-11-13,75.86481475830078,92.58999633789062,92.5999984741211,91.30000305175781,91.37999725341797,1837800
2013-11-14,76.225341796875,93.02999877929688,93.08999633789062,92.4800033569336,92.73999786376953,1971100
2013-11-15,76.561279296875,93.44000244140625,93.44000244140625,93.0,93.02999877929688,1623900
2013-11-18,76.20073699951172,93.0,93.72000122070312,92.77999877929688,93.72000122070312,3123300
2013-11-19,75.97950744628906,92.7300033569336,93.22000122070312,92.55000305175781,92.9800033569336,1828700
2013-11-20,75.74191284179688,92.44000244140625,93.18000030517578,92.16000366210938,92.88999938964844,1931400
2013-11-21,76.4219741821289,93.2699966430664,93.33000183105469,92.6500015258789,92.7699966430664,2720700
2013-11-22,76.79888153076172,93.7300033569336,93.75,93.22000122070312,93.38999938964844,2687300
2013-11-25,76.71693420410156,93.62999725341797,93.97000122070312,93.5,93.95999908447266,1719500
2013-11-26,76.79067993164062,93.72000122070312,94.01000213623047,93.5199966430664,93.62999725341797,1355100
2013-11-27,77.0119400024414,93.98999786376953,94.04000091552734,93.76000213623047,93.93000030517578,1480800
2013-11-29,76.9053955078125,93.86000061035156,94.33999633789062,93.86000061035156,94.06999969482422,934600
2013-12-02,76.74152374267578,93.66000366210938,94.18000030517578,93.54000091552734,94.05999755859375,3209500
2013-12-03,76.44658660888672,93.30000305175781,93.58999633789062,92.94000244140625,93.4000015258789,2129100
2013-12-04,76.3400650024414,93.16999816894531,93.62000274658203,92.4800033569336,92.97000122070312,2300800
2013-12-05,76.11883544921875,92.9000015258789,93.26000213623047,92.81999969482422,93.13999938964844,2185400
2013-12-06,76.9053955078125,93.86000061035156,93.97000122070312,93.4800033569336,93.80000305175781,2071600
2013-12-09,77.07746887207031,94.06999969482422,94.27999877929688,93.94999694824219,94.25,2121100
2013-12-10,76.82349395751953,93.76000213623047,94.1500015258789,93.72000122070312,93.93000030517578,2403200
2013-12-11,75.8730239868164,92.5999984741211,93.87999725341797,92.5,93.87999725341797,3887100
2013-12-12,75.73371887207031,92.43000030517578,92.76000213623047,92.18000030517578,92.55999755859375,3587000
2013-12-13,75.75830078125,92.45999908447266,92.72000122070312,92.25,92.69000244140625,3605700
2013-12-16,76.29090881347656,93.11000061035156,93.33999633789062,92.87999725341797,92.94000244140625,3207500
2013-12-17,76.06149291992188,92.83000183105469,93.23999786376953,92.56999969482422,93.23999786376953,3374200
2013-12-18,77.2905044555664,94.33000183105469,94.33999633789062,92.16000366210938,93.02999877929688,4089700
2013-12-19,77.18399047851562,94.19999694824219,94.23999786376953,93.83000183105469,94.12999725341797,6352600
2013-12-20,77.69796752929688,94.33000183105469,94.52999877929688,93.83999633789062,93.86000061035156,6210200
2013-12-23,78.15924835205078,94.88999938964844,94.94999694824219,94.6500015258789,94.83999633789062,3095000
2013-12-24,78.37340545654297,95.1500015258789,95.20999908447266,94.9000015258789,94.98999786376953,1362100
2013-12-26,78.74404907226562,95.5999984741211,95.63999938964844,95.26000213623047,95.4000015258789,2940500
2013-12-27,78.69464111328125,95.54000091552734,95.91999816894531,95.43000030517578,95.7300033569336,2370400
2013-12-30,78.71931457519531,95.56999969482422,95.66000366210938,95.41000366210938,95.5999984741211,3159900
2013-12-31,79.00759887695312,95.91999816894531,96.0,95.66000366210938,95.72000122070312,4570300
2014-01-02,78.31573486328125,95.08000183105469,95.76000213623047,94.81999969482422,95.76000213623047,3728200
2014-01-03,78.29927825927734,95.05999755859375,95.44000244140625,94.94999694824219,95.29000091552734,3206300
2014-01-06,78.09333038330078,94.80999755859375,95.55999755859375,94.66999816894531,95.5,3169400
2014-01-07,78.59577941894531,95.41999816894531,95.58999633789062,95.0999984741211,95.19000244140625,2617200
2014-01-08,78.65343475341797,95.48999786376953,95.62000274658203,95.08999633789062,95.44000244140625,3783100
2014-01-09,78.71931457519531,95.56999969482422,95.83000183105469,95.0999984741211,95.83000183105469,3440500
2014-01-10,78.94172668457031,95.83999633789062,95.87000274658203,95.30000305175781,95.77999877929688,2903700
2014-01-13,77.94507598876953,94.62999725341797,95.87999725341797,94.38999938964844,95.75,4322200
2014-01-14,78.80171203613281,95.66999816894531,95.7300033569336,94.7300033569336,94.93000030517578,2660500
2014-01-15,79.19706726074219,96.1500015258789,96.29000091552734,95.83999633789062,95.94000244140625,2525100
2014-01-16,79.1394271850586,96.08000183105469,96.12000274658203,95.79000091552734,96.05000305175781,3058200
2014-01-17,78.83464050292969,95.70999908447266,96.12999725341797,95.55000305175781,96.0,2716300
2014-01-21,79.09822082519531,96.02999877929688,96.36000061035156,95.44000244140625,96.36000061035156,5557200
2014-01-22,79.24649047851562,96.20999908447266,96.30000305175781,95.91000366210938,96.2699966430664,1860300
2014-01-23,78.56283569335938,95.37999725341797,95.8499984741211,94.91000366210938,95.7699966430664,3223500
2014-01-24,76.86605834960938,93.31999969482422,94.88999938964844,93.29000091552734,94.7699966430664,7275200
2014-01-27,76.37187194824219,92.72000122070312,93.5999984741211,92.20999908447266,93.31999969482422,6664700
2014-01-28,76.9072265625,93.37000274658203,93.47000122070312,92.80000305175781,92.88999938964844,10136000
2014-01-29,76.11650085449219,92.41000366210938,93.08000183105469,92.18000030517578,92.66999816894531,4720200
2014-01-30,77.00608825683594,93.48999786376953,93.77999877929688,92.95999908447266,93.2300033569336,2540800
2014-01-31,76.50362396240234,92.87999725341797,93.55000305175781,92.27999877929688,92.44000244140625,4099600
2014-02-03,74.7080078125,90.69999694824219,93.05000305175781,90.54000091552734,92.83999633789062,6568100
2014-02-04,75.27635192871094,91.38999938964844,91.62999725341797,90.77999877929688,91.19999694824219,3427200
2014-02-05,75.1610107421875,91.25,91.44000244140625,90.38999938964844,91.0199966430664,3407300
2014-02-06,76.07530975341797,92.36000061035156,92.37000274658203,91.3499984741211,91.48999786376953,3237300
2014-02-07,77.05551147460938,93.55000305175781,93.61000061035156,92.52999877929688,92.94000244140625,3538500
2014-02-10,77.1460952758789,93.66000366210938,93.73999786376953,93.26000213623047,93.62000274658203,3419800
2014-02-11,78.0274429321289,94.7300033569336,94.94999694824219,93.81999969482422,93.98999786376953,4287900
2014-02-12,78.13451385498047,94.86000061035156,95.20999908447266,94.62999725341797,94.91000366210938,3128700
2014-02-13,78.61225128173828,95.44000244140625,95.5199966430664,94.1500015258789,94.1500015258789,2726400
2014-02-14,78.99114990234375,95.9000015258789,96.05000305175781,95.22000122070312,95.4000015258789,2244000
2014-02-18,79.2218017578125,96.18000030517578,96.2699966430664,95.7699966430664,96.05999755859375,3006400
2014-02-19,78.69464111328125,95.54000091552734,96.5,95.44000244140625,95.97000122070312,2320600
2014-02-20,79.2218017578125,96.18000030517578,96.33000183105469,95.33000183105469,95.6500015258789,2657600
2014-02-21,79.15586853027344,96.0999984741211,96.52999877929688,96.02999877929688,96.38999938964844,1952000
2014-02-24,79.60892486572266,96.6500015258789,97.2699966430664,96.30999755859375,96.37999725341797,2357600
2014-02-25,79.57596588134766,96.61000061035156,97.01000213623047,96.27999877929688,96.7699966430664,2427300
2014-02-26,79.65835571289062,96.70999908447266,97.0999984741211,96.44999694824219,96.83000183105469,1934600
2014-02-27,80.07840728759766,97.22000122070312,97.22000122070312,96.47000122070312,96.62999725341797,1594000
2014-02-28,80.2266616821289,97.4000015258789,97.86000061035156,96.73999786376953,97.16999816894531,2302800
2014-03-03,79.641845703125,96.69000244140625,96.87999725341797,96.01000213623047,96.56999969482422,2743400
2014-03-04,80.89384460449219,98.20999908447266,98.3499984741211,97.63999938964844,97.93000030517578,3105300
2014-03-05,80.91034698486328,98.2300033569336,98.37999725341797,98.08999633789062,98.26000213623047,1855300
2014-03-06,81.05859375,98.41000366210938,98.6500015258789,98.2699966430664,98.54000091552734,2084500
2014-03-07,81.03388977050781,98.37999725341797,98.8499984741211,98.0,98.83999633789062,2312100
2014-03-10,80.97622680664062,98.30999755859375,98.4000015258789,97.7300033569336,98.31999969482422,2586600
2014-03-11,80.52320861816406,97.76000213623047,98.62999725341797,97.52999877929688,98.5,3718500
2014-03-12,80.58085632324219,97.83000183105469,97.86000061035156,97.02999877929688,97.36000061035156,2225600
2014-03-13,79.65008544921875,96.69999694824219,98.2699966430664,96.41999816894531,98.18000030517578,3482400
2014-03-14,79.55126953125,96.58000183105469,97.06999969482422,96.43000030517578,96.51000213623047,2892400
2014-03-17,80.18549346923828,97.3499984741211,97.66000366210938,97.05999755859375,97.08999633789062,2735800
2014-03-18,80.86914825439453,98.18000030517578,98.27999877929688,97.5,97.6500015258789,3672500
2014-03-19,80.40787506103516,97.62000274658203,98.27999877929688,97.0199966430664,98.20999908447266,2705400
2014-03-20,80.81147766113281,98.11000061035156,98.19000244140625,97.20999908447266,97.38999938964844,1466900
2014-03-21,80.51497650146484,97.75,98.69000244140625,97.6500015258789,98.56999969482422,2821700
2014-03-24,80.04547882080078,97.18000030517578,98.19999694824219,96.7300033569336,98.11000061035156,3922600
2014-03-25,80.3292465209961,97.0999984741211,97.58000183105469,96.58999633789062,97.19999694824219,1740900
2014-03-26,79.65910339355469,96.29000091552734,97.6500015258789,96.2699966430664,97.5199966430664,2896000
2014-03-27,79.49365234375,96.08999633789062,96.5,95.69000244140625,96.08999633789062,3835100
2014-03-28,79.84938049316406,96.5199966430664,97.08999633789062,96.27999877929688,96.37000274658203,1533200
2014-03-31,80.63533782958984,97.47000122070312,97.58000183105469,97.05000305175781,97.0999984741211,2978400
2014-04-01,81.26405334472656,98.2300033569336,98.2699966430664,97.75,97.88999938964844,3881700
2014-04-02,81.52053833007812,98.54000091552734,98.66000366210938,98.18000030517578,98.45999908447266,2855300
2014-04-03,81.29713439941406,98.2699966430664,98.73999786376953,97.95999908447266,98.72000122070312,2169700
2014-04-04,80.18031311035156,96.91999816894531,98.8499984741211,96.7699966430664,98.83999633789062,3026800
2014-04-07,79.2206802368164,95.76000213623047,96.80999755859375,95.4800033569336,96.5999984741211,5316200
2014-04-08,79.568115234375,96.18000030517578,96.37999725341797,95.3499984741211,95.76000213623047,3728200
2014-04-09,80.51947021484375,97.33000183105469,97.33000183105469,96.22000122070312,96.5,1975300
2014-04-10,78.74913024902344,95.19000244140625,97.3499984741211,95.02999877929688,97.30000305175781,3283000
2014-04-11,77.97148895263672,94.25,95.30999755859375,94.0999984741211,94.66000366210938,3380100
2014-04-14,78.50091552734375,94.88999938964844,95.19999694824219,94.12000274658203,95.0199966430664,3248600
2014-04-15,79.03868103027344,95.54000091552734,95.5999984741211,94.02999877929688,95.12999725341797,3339400
2014-04-16,79.86595153808594,96.54000091552734,96.55000305175781,95.75,96.20999908447266,4498500
2014-04-17,80.02312469482422,96.7300033569336,96.97000122070312,96.26000213623047,96.41999816894531,2241100
2014-04-21,80.34576416015625,97.12000274658203,97.12000274658203,96.56999969482422,96.77999877929688,3043000
2014-04-22,80.7594223022461,97.62000274658203,97.91000366210938,97.19000244140625,97.26000213623047,2442400
2014-04-23,80.5526123046875,97.37000274658203,97.68000030517578,97.30000305175781,97.62000274658203,1798400
2014-04-24,80.66014099121094,97.5,97.9000015258789,96.95999908447266,97.83999633789062,1471400
2014-04-25,79.87420654296875,96.55000305175781,97.25,96.33999633789062,97.19000244140625,1927700
2014-04-28,79.99005889892578,96.69000244140625,97.22000122070312,95.6500015258789,96.9000015258789,2046000
2014-04-29,80.38712310791016,97.16999816894531,97.30000305175781,96.7699966430664,97.0,3062500
2014-04-30,80.68494415283203,97.52999877929688,97.55999755859375,96.76000213623047,97.16999816894531,1423900
2014-05-01,80.70979309082031,97.55999755859375,97.83999633789062,97.13999938964844,97.41000366210938,1776300
2014-05-02,80.64359283447266,97.4800033569336,98.02999877929688,97.3499984741211,97.58999633789062,1687900
2014-05-05,80.77596282958984,97.63999938964844,97.69999694824219,96.66000366210938,97.0,1300900
2014-05-06,80.0313949584961,96.73999786376953,97.48999786376953,96.70999908447266,97.4000015258789,1335400
2014-05-07,80.4036865234375,97.19000244140625,97.20999908447266,96.16000366210938,97.02999877929688,1644100
2014-05-08,80.18861389160156,96.93000030517578,97.80000305175781,96.66000366210938,97.08999633789062,1863500
2014-05-09,80.38712310791016,97.16999816894531,97.16999816894531,96.5,96.93000030517578,1637500
2014-05-12,81.29713439941406,98.2699966430664,98.30000305175781,97.55000305175781,97.61000061035156,1847400
2014-05-13,81.24748992919922,98.20999908447266,98.56999969482422,98.13999938964844,98.4000015258789,1526600
2014-05-14,80.8007583618164,97.66999816894531,98.19000244140625,97.5199966430664,98.13999938964844,1387500
2014-05-15,80.05622863769531,96.7699966430664,97.43000030517578,96.20999908447266,97.36000061035156,2149200
2014-05-16,80.39539337158203,97.18000030517578,97.19000244140625,96.43000030517578,96.91999816894531,1149800
2014-05-19,80.76768493652344,97.62999725341797,97.68000030517578,96.77999877929688,96.94000244140625,1209700
2014-05-20,80.16377258300781,96.9000015258789,97.62000274658203,96.62000274658203,97.5199966430664,1858800
2014-05-21,80.78422546386719,97.6500015258789,97.72000122070312,97.0999984741211,97.2300033569336,1286400
2014-05-22,81.05723571777344,97.9800033569336,98.19000244140625,97.52999877929688,97.69000244140625,962400
2014-05-23,81.47915649414062,98.48999786376953,98.51000213623047,98.01000213623047,98.0999984741211,1171900
2014-05-27,82.01687622070312,99.13999938964844,99.16000366210938,98.77999877929688,98.83000183105469,1458800
2014-05-28,81.9258804321289,99.02999877929688,99.26000213623047,98.81999969482422,99.16000366210938,1383000
2014-05-29,82.36434936523438,99.55999755859375,99.55999755859375,99.0,99.26000213623047,1320000
2014-05-30,82.38093566894531,99.58000183105469,99.68000030517578,99.29000091552734,99.44000244140625,1444700
2014-06-02,82.48015594482422,99.69999694824219,99.83999633789062,99.16000366210938,99.80000305175781,2762600
2014-06-03,82.44705200195312,99.66000366210938,99.72000122070312,99.31999969482422,99.44999694824219,942000
2014-06-04,82.62080383300781,99.87000274658203,99.97000122070312,99.33000183105469,99.37999725341797,1754100
2014-06-05,83.29090118408203,100.68000030517578,100.76000213623047,99.63999938964844,100.0199966430664,1797400
2014-06-06,83.72107696533203,101.19999694824219,101.25,100.8499984741211,100.98999786376953,1929400
2014-06-09,83.86170959472656,101.37000274658203,101.66999816894531,101.13999938964844,101.19999694824219,1683400
2014-06-10,83.84518432617188,101.3499984741211,101.3499984741211,100.9800033569336,101.20999908447266,1569800
2014-06-11,83.56391906738281,101.01000213623047,101.12000274658203,100.7300033569336,101.05999755859375,2068800
2014-06-12,82.96826934814453,100.29000091552734,100.93000030517578,100.05999755859375,100.87999725341797,2197400
2014-06-13,83.24127197265625,100.62000274658203,100.69000244140625,100.11000061035156,100.44999694824219,2099300
2014-06-16,83.30745697021484,100.69999694824219,100.88999938964844,100.30999755859375,100.44999694824219,2778000
2014-06-17,83.60527038574219,101.05999755859375,101.19999694824219,100.45999908447266,100.55999755859375,1089700
2014-06-18,84.2257308959961,101.80999755859375,101.83999633789062,100.87000274658203,101.08000183105469,1326200
2014-06-19,84.32499694824219,101.93000030517578,102.0,101.52999877929688,101.9000015258789,2130700
2014-06-20,84.52352905273438,102.16999816894531,102.19999694824219,101.9800033569336,102.19999694824219,1952800
2014-06-23,84.49874114990234,102.13999938964844,102.25,101.94999694824219,102.19000244140625,1308600
2014-06-24,83.90896606445312,101.01000213623047,102.06999969482422,100.91000366210938,101.54000091552734,1613400
2014-06-25,84.33256530761719,101.5199966430664,101.5999984741211,100.77999877929688,100.81999969482422,1379200
2014-06-26,84.28273010253906,101.45999908447266,101.52999877929688,100.76000213623047,101.52999877929688,1423900
2014-06-27,84.50706481933594,101.7300033569336,101.75,101.22000122070312,101.22000122070312,1378800
2014-06-30,84.54026794433594,101.7699966430664,101.91000366210938,101.55000305175781,101.55000305175781,1600800
2014-07-01,85.14669799804688,102.5,102.81999969482422,102.0,102.06999969482422,1818500
2014-07-02,85.09683227539062,102.44000244140625,102.62999725341797,102.36000061035156,102.52999877929688,1504300
2014-07-03,85.54541015625,102.9800033569336,103.0,102.66000366210938,102.73999786376953,987100
2014-07-07,85.09683227539062,102.44000244140625,102.80999755859375,102.30999755859375,102.80000305175781,2198400
2014-07-08,84.44889831542969,101.66000366210938,102.33999633789062,101.3499984741211,102.33999633789062,2130100
2014-07-09,84.81439208984375,102.0999984741211,102.16000366210938,101.6500015258789,101.91000366210938,1866600
2014-07-10,84.44062042236328,101.6500015258789,101.94999694824219,100.87000274658203,101.02999877929688,1564100
2014-07-11,84.5153579711914,101.73999786376953,101.79000091552734,101.30000305175781,101.62999725341797,1252800
2014-07-14,84.9223861694336,102.2300033569336,102.41000366210938,102.16000366210938,102.30000305175781,1060300
2014-07-15,84.70643615722656,101.97000122070312,102.5,101.51000213623047,102.30000305175781,2591200
2014-07-16,84.9223861694336,102.2300033569336,102.4800033569336,101.94999694824219,102.36000061035156,1933100
2014-07-17,83.94218444824219,101.05000305175781,102.27999877929688,100.91000366210938,101.87999725341797,1980400
2014-07-18,84.84761810302734,102.13999938964844,102.23999786376953,101.30000305175781,101.33999633789062,996200
2014-07-21,84.64826202392578,101.9000015258789,102.37999725341797,101.44999694824219,101.83000183105469,1434700
2014-07-22,85.08021545410156,102.41999816894531,102.62999725341797,102.23999786376953,102.29000091552734,1198300
2014-07-23,85.27957153320312,102.66000366210938,102.77999877929688,102.37000274658203,102.58000183105469,736500
2014-07-24,85.29619598388672,102.68000030517578,102.91999816894531,102.56999969482422,102.83999633789062,926000
2014-07-25,84.84761810302734,102.13999938964844,102.41999816894531,101.93000030517578,102.37000274658203,1139700
2014-07-28,84.82268524169922,102.11000061035156,102.27999877929688,101.51000213623047,102.18000030517578,1189400
2014-07-29,84.5153579711914,101.73999786376953,102.4800033569336,101.72000122070312,102.29000091552734,1090900
2014-07-30,84.57350158691406,101.80999755859375,102.26000213623047,101.37999725341797,102.12000274658203,1552900
2014-07-31,82.85395812988281,99.73999786376953,101.27999877929688,99.73999786376953,101.12000274658203,2938500
2014-08-01,82.6462631225586,99.48999786376953,100.13999938964844,98.95999908447266,99.55000305175781,5157300
2014-08-04,83.21112060546875,100.16999816894531,100.37999725341797,99.20999908447266,99.73999786376953,3320100
2014-08-05,82.4801254272461,99.29000091552734,100.12999725341797,98.93000030517578,99.69999694824219,2855200
2014-08-06,82.49674224853516,99.30999755859375,99.77999877929688,98.72000122070312,98.81999969482422,1763200
2014-08-07,82.06477355957031,98.79000091552734,99.87999725341797,98.55999755859375,99.81999969482422,3313500
2014-08-08,83.01177215576172,99.93000030517578,99.97000122070312,98.7699966430664,98.95999908447266,1566700
2014-08-11,83.31083679199219,100.29000091552734,100.73999786376953,100.22000122070312,100.31999969482422,1979500
2014-08-12,83.16128540039062,100.11000061035156,100.48999786376953,99.7699966430664,100.16999816894531,1375300
2014-08-13,83.7511215209961,100.81999969482422,100.9000015258789,100.30999755859375,100.5199966430664,1208200
2014-08-14,84.11661529541016,101.26000213623047,101.26000213623047,100.87000274658203,100.93000030517578,1850400
2014-08-15,84.12491607666016,101.2699966430664,101.73999786376953,100.5199966430664,101.62000274658203,3760300
2014-08-18,84.880859375,102.18000030517578,102.22000122070312,101.7300033569336,101.86000061035156,2718600
2014-08-19,85.30451965332031,102.69000244140625,102.76000213623047,102.30000305175781,102.41000366210938,1896800
2014-08-20,85.50391387939453,102.93000030517578,103.02999877929688,102.41999816894531,102.5,2929800
2014-08-21,85.69495391845703,103.16000366210938,103.30999755859375,102.80999755859375,103.0,1591300
2014-08-22,85.57034301757812,103.01000213623047,103.26000213623047,102.77999877929688,103.12000274658203,1746400
2014-08-25,86.01891326904297,103.55000305175781,103.75,103.37999725341797,103.5999984741211,1216700
2014-08-26,86.17674255371094,103.73999786376953,103.95999908447266,103.61000061035156,103.6500015258789,1464800
2014-08-27,86.12688446044922,103.68000030517578,103.87000274658203,103.5199966430664,103.80999755859375,1154500
2014-08-28,86.03553009033203,103.56999969482422,103.6500015258789,103.19000244140625,103.27999877929688,1429300
2014-08-29,86.29302978515625,103.87999725341797,103.93000030517578,103.41999816894531,103.75,1737000
2014-09-02,86.35950469970703,103.95999908447266,104.2699966430664,103.55999755859375,104.04000091552734,1738200
2014-09-03,86.26810455322266,103.8499984741211,104.44000244140625,103.69999694824219,104.38999938964844,1523900
2014-09-04,86.08538055419922,103.62999725341797,104.38999938964844,103.37000274658203,104.01000213623047,1591200
2014-09-05,86.48410034179688,104.11000061035156,104.12000274658203,103.20999908447266,103.58999633789062,1490400
2014-09-08,86.30965423583984,103.9000015258789,104.16000366210938,103.55000305175781,103.97000122070312,1416200
2014-09-09,85.70323944091797,103.16999816894531,103.83999633789062,102.98999786376953,103.7699966430664,1296100
2014-09-10,86.0271987915039,103.55999755859375,103.5999984741211,102.8499984741211,103.2300033569336,1290900
2014-09-11,86.18505096435547,103.75,103.76000213623047,103.08999633789062,103.1500015258789,1617300
2014-09-12,85.62848663330078,103.08000183105469,103.69000244140625,102.77999877929688,103.69000244140625,2477200
2014-09-15,85.4041976928711,102.80999755859375,103.23999786376953,102.55999755859375,103.0999984741211,3846200
2014-09-16,86.0105972290039,103.54000091552734,103.69000244140625,102.52999877929688,102.55000305175781,1242500
2014-09-17,86.10198974609375,103.6500015258789,104.16000366210938,103.19000244140625,103.69999694824219,2085200
2014-09-18,86.54222869873047,104.18000030517578,104.2300033569336,103.87999725341797,104.0199966430664,1829200
2014-09-19,86.37611389160156,103.9800033569336,104.58999633789062,103.73999786376953,104.58999633789062,1933000
2014-09-22,85.57862091064453,103.0199966430664,103.80000305175781,102.83000183105469,103.75,2333100
2014-09-23,85.03038024902344,102.36000061035156,103.0999984741211,102.3499984741211,102.75,1965300
2014-09-24,85.69380187988281,102.69000244140625,102.75,101.63999938964844,101.9800033569336,2364300
2014-09-25,84.35028076171875,101.08000183105469,102.5199966430664,101.05000305175781,102.43000030517578,3000900
2014-09-26,85.03455352783203,101.9000015258789,102.0999984741211,101.11000061035156,101.29000091552734,2227400
2014-09-29,84.88433074951172,101.72000122070312,101.83999633789062,100.9000015258789,101.0199966430664,2827800
2014-09-30,84.48379516601562,101.23999786376953,102.0,101.12999725341797,101.86000061035156,2140500
2014-10-01,83.3739013671875,99.91000366210938,101.33999633789062,99.66000366210938,101.11000061035156,3989800
2014-10-02,83.41565704345703,99.95999908447266,100.30999755859375,98.80999755859375,99.86000061035156,3237400
2014-10-03,84.35028076171875,101.08000183105469,101.2699966430664,100.36000061035156,100.69999694824219,2303800
2014-10-06,84.1833724975586,100.87999725341797,101.61000061035156,100.56999969482422,101.56999969482422,1758800
2014-10-07,82.88158416748047,99.31999969482422,100.56999969482422,99.29000091552734,100.38999938964844,2152000
2014-10-08,84.25849151611328,100.97000122070312,101.06999969482422,98.73999786376953,99.3499984741211,3455700
2014-10-09,82.52272033691406,98.88999938964844,100.91999816894531,98.87000274658203,100.75,3022400
2014-10-10,81.49629974365234,97.66000366210938,99.33999633789062,97.6500015258789,98.8499984741211,3784900
2014-10-13,80.19451904296875,96.0999984741211,98.01000213623047,96.02999877929688,97.70999908447266,5352300
2014-10-14,80.44483184814453,96.4000015258789,97.5,96.04000091552734,96.58999633789062,3914100
2014-10-15,79.99421691894531,95.86000061035156,96.20999908447266,93.58000183105469,95.19000244140625,8265900
2014-10-16,80.16946411132812,96.06999969482422,96.72000122070312,93.77999877929688,93.77999877929688,6327700
2014-10-17,81.0456771850586,97.12000274658203,97.80000305175781,96.66999816894531,97.44000244140625,3855100
2014-10-20,81.85511779785156,98.08999633789062,98.12999725341797,96.93000030517578,97.0199966430664,2487500
2014-10-21,83.47402954101562,100.02999877929688,100.12000274658203,98.61000061035156,98.61000061035156,4004400
2014-10-22,82.8231430053711,99.25,100.4800033569336,99.19999694824219,100.30000305175781,3905800
2014-10-23,83.82454681396484,100.44999694824219,101.08000183105469,100.04000091552734,100.2699966430664,4211600
2014-10-24,84.40868377685547,101.1500015258789,101.18000030517578,100.19999694824219,100.58000183105469,2899600
2014-10-27,84.2918701171875,101.01000213623047,101.11000061035156,100.3499984741211,100.8499984741211,2585900
2014-10-28,85.3850326538086,102.31999969482422,102.33000183105469,101.29000091552734,101.44000244140625,2847500
2014-10-29,85.25984954833984,102.16999816894531,102.68000030517578,101.44999694824219,102.45999908447266,2621200
2014-10-30,85.78559875488281,102.80000305175781,103.06999969482422,101.72000122070312,101.87999725341797,2593400
2014-10-31,86.8036880493164,104.0199966430664,104.19999694824219,103.52999877929688,104.0,3276300
2014-11-03,86.85374450683594,104.08000183105469,104.45999908447266,103.83000183105469,104.19000244140625,3672500
2014-11-04,86.53662109375,103.69999694824219,103.95999908447266,103.1500015258789,103.9000015258789,2584200
2014-11-05,86.94554138183594,104.19000244140625,104.51000213623047,103.81999969482422,104.5,2580400
2014-11-06,87.37112426757812,104.69999694824219,104.69999694824219,103.87999725341797,104.31999969482422,2096200
2014-11-07,87.43788146972656,104.77999877929688,104.87999725341797,104.3499984741211,104.70999908447266,1746300
2014-11-10,87.70491027832031,105.0999984741211,105.0999984741211,104.69000244140625,104.87999725341797,2923500
2014-11-11,87.78834533691406,105.19999694824219,105.23999786376953,104.9000015258789,105.16999816894531,1178000
2014-11-12,87.77169799804688,105.18000030517578,105.30000305175781,104.73999786376953,104.80999755859375,1089800
2014-11-13,87.75499725341797,105.16000366210938,105.55999755859375,104.7300033569336,105.31999969482422,1671100
2014-11-14,87.76332092285156,105.16999816894531,105.33000183105469,104.94000244140625,105.2300033569336,2173900
2014-11-17,87.75499725341797,105.16000366210938,105.30000305175781,104.83000183105469,105.0,1449600
2014-11-18,88.2723617553711,105.77999877929688,105.97000122070312,105.22000122070312,105.23999786376953,1486000
2014-11-19,88.04708862304688,105.51000213623047,105.72000122070312,105.02999877929688,105.6500015258789,1771200
2014-11-20,88.29739379882812,105.80999755859375,105.83000183105469,104.94000244140625,105.06999969482422,1502500
2014-11-21,88.76471710205078,106.37000274658203,106.94000244140625,106.05999755859375,106.8499984741211,3435600
2014-11-24,89.0901870727539,106.76000213623047,106.7699966430664,106.5,106.6500015258789,3990900
2014-11-25,89.07349395751953,106.73999786376953,107.06999969482422,106.5,106.91999816894531,2310700
2014-11-26,89.27375793457031,106.9800033569336,107.0,106.62999725341797,106.7699966430664,1178300
2014-11-28,88.9566650390625,106.5999984741211,107.01000213623047,106.4800033569336,106.94999694824219,944100
2014-12-01,88.20560455322266,105.69999694824219,106.55000305175781,105.52999877929688,106.5,2754700
2014-12-02,88.75636291503906,106.36000061035156,106.48999786376953,105.75,105.80000305175781,2450900
2014-12-03,89.15692901611328,106.83999633789062,106.98999786376953,106.37999725341797,106.44000244140625,3299500
2014-12-04,89.04844665527344,106.70999908447266,107.01000213623047,106.23999786376953,106.69999694824219,2417600
2014-12-05,89.24870300292969,106.94999694824219,107.16999816894531,106.69999694824219,106.86000061035156,3314700
2014-12-08,88.61449432373047,106.19000244140625,107.06999969482422,105.80000305175781,106.7699966430664,2070200
2014-12-09,88.66458129882812,106.25,106.33000183105469,104.81999969482422,105.04000091552734,3044100
2014-12-10,87.21257019042969,104.51000213623047,106.19000244140625,104.37000274658203,105.97000122070312,3507300
2014-12-11,87.6131362915039,104.98999786376953,105.98999786376953,104.76000213623047,104.93000030517578,3340100
2014-12-12,86.2361831665039,103.33999633789062,104.75,103.33000183105469,104.22000122070312,3956600
2014-12-15,85.61033630371094,102.58999633789062,104.18000030517578,102.23999786376953,103.75,4328100
2014-12-16,84.97613525390625,101.83000183105469,104.01000213623047,101.80000305175781,102.02999877929688,7528300
2014-12-17,86.79534149169922,104.01000213623047,104.20999908447266,102.01000213623047,102.25,4949000
2014-12-18,88.84819030761719,106.47000122070312,106.47000122070312,105.02999877929688,105.55999755859375,6384400
2014-12-19,89.21537017822266,106.91000366210938,107.25,106.37999725341797,106.61000061035156,3575600
2014-12-22,89.56854248046875,106.7699966430664,106.77999877929688,106.27999877929688,106.66000366210938,5630200
2014-12-23,89.76983642578125,107.01000213623047,107.23999786376953,106.81999969482422,107.23999786376953,4050500
2014-12-24,89.79500579833984,107.04000091552734,107.3499984741211,107.0199966430664,107.3499984741211,1702600
2014-12-26,90.06346130371094,107.36000061035156,107.62999725341797,107.2699966430664,107.30999755859375,3293500
2014-12-29,90.25642395019531,107.58999633789062,107.70999908447266,107.29000091552734,107.36000061035156,3746700
2014-12-30,89.81179809570312,107.05999755859375,107.45999908447266,106.98999786376953,107.41999816894531,4473000
2014-12-31,88.92256164550781,106.0,107.38999938964844,105.9800033569336,107.19000244140625,2224400
2015-01-02,88.85546112060547,105.91999816894531,106.72000122070312,105.2699966430664,106.48999786376953,5298300
2015-01-05,87.32865905761719,104.0999984741211,105.55000305175781,103.86000061035156,105.3499984741211,5383500
2015-01-06,86.47300720214844,103.08000183105469,104.5,102.51000213623047,104.4000015258789,4226100
2015-01-07,87.5048599243164,104.30999755859375,104.44999694824219,103.55000305175781,104.08999633789062,3661500
2015-01-08,89.04840850830078,106.1500015258789,106.23999786376953,105.11000061035156,105.20999908447266,2796200
2015-01-09,88.31018829345703,105.2699966430664,106.3499984741211,104.91999816894531,106.31999969482422,3272500
2015-01-12,87.68099975585938,104.5199966430664,105.55000305175781,104.12000274658203,105.55000305175781,3705900
2015-01-13,87.47966766357422,104.27999877929688,106.0,103.43000030517578,105.33000183105469,2936200
2015-01-14,87.00151824951172,103.70999908447266,103.79000091552734,102.5,103.04000091552734,3291600
2015-01-15,86.12065887451172,102.66000366210938,104.26000213623047,102.56999969482422,104.05000305175781,5615200
2015-01-16,87.26158142089844,104.0199966430664,104.11000061035156,102.41999816894531,102.61000061035156,2768900
2015-01-20,87.38739013671875,104.16999816894531,104.52999877929688,103.19999694824219,104.41999816894531,3186900
2015-01-21,87.78167724609375,104.63999938964844,104.94999694824219,103.5999984741211,103.93000030517578,3119400
2015-01-22,89.11552429199219,106.2300033569336,106.30999755859375,104.2699966430664,105.23999786376953,3583500
2015-01-23,88.71285247802734,105.75,106.27999877929688,105.68000030517578,106.11000061035156,4571900
2015-01-26,89.08193969726562,106.19000244140625,106.22000122070312,105.19999694824219,105.75,4106500
2015-01-27,88.041748046875,104.94999694824219,105.61000061035156,104.36000061035156,105.37000274658203,2709300
2015-01-28,86.85050964355469,103.52999877929688,105.72000122070312,103.41000366210938,105.63999938964844,2830400
2015-01-29,87.68099975585938,104.5199966430664,104.62000274658203,102.81999969482422,103.69999694824219,2607200
2015-01-30,86.48976135253906,103.0999984741211,104.51000213623047,102.94999694824219,103.66999816894531,4486900
2015-02-02,87.462890625,104.26000213623047,104.33000183105469,102.25,103.48999786376953,4083200
2015-02-03,88.80512237548828,105.86000061035156,105.87000274658203,104.70999908447266,104.9000015258789,3322000
2015-02-04,88.49473571777344,105.48999786376953,106.13999938964844,105.23999786376953,105.44000244140625,3141700
2015-02-05,89.46784973144531,106.6500015258789,106.72000122070312,105.83999633789062,105.94000244140625,3163500
2015-02-06,89.19940185546875,106.33000183105469,107.18000030517578,106.0199966430664,106.87999725341797,2844500
2015-02-09,88.75479125976562,105.80000305175781,106.3499984741211,105.58999633789062,105.98999786376953,1773800
2015-02-10,89.6607894897461,106.87999725341797,107.04000091552734,105.83999633789062,106.5,1866300
2015-02-11,89.70274353027344,106.93000030517578,107.19000244140625,106.37000274658203,106.66999816894531,2184600
2015-02-12,90.56680297851562,107.95999908447266,107.98999786376953,107.2699966430664,107.47000122070312,4443400
2015-02-13,90.99462127685547,108.47000122070312,108.4800033569336,107.91999816894531,108.0,3147700
2015-02-17,91.13725280761719,108.63999938964844,108.76000213623047,108.12999725341797,108.37000274658203,4147000
2015-02-18,91.18757629394531,108.69999694824219,108.75,108.2699966430664,108.41999816894531,2542600
2015-02-19,91.16242218017578,108.66999816894531,108.87999725341797,108.26000213623047,108.38999938964844,2349000
2015-02-20,91.67415618896484,109.27999877929688,109.31999969482422,108.01000213623047,108.47000122070312,2402600
2015-02-23,91.66572570800781,109.2699966430664,109.2699966430664,108.86000061035156,109.16999816894531,3034000
2015-02-24,91.87549591064453,109.5199966430664,109.62999725341797,109.04000091552734,109.27999877929688,2856500
2015-02-25,91.84191131591797,109.4800033569336,109.77999877929688,109.26000213623047,109.48999786376953,2652100
2015-02-26,91.7831802368164,109.41000366210938,109.52999877929688,109.0199966430664,109.44999694824219,1742000
2015-02-27,91.4560317993164,109.0199966430664,109.4800033569336,108.97000122070312,109.3499984741211,1825400
2015-03-02,92.01805877685547,109.69000244140625,109.72000122070312,109.0199966430664,109.11000061035156,2681100
2015-03-03,91.64057922363281,109.23999786376953,109.61000061035156,108.73999786376953,109.47000122070312,2615700
2015-03-04,91.2714614868164,108.80000305175781,108.95999908447266,108.19999694824219,108.9000015258789,1949900
2015-03-05,91.4140625,108.97000122070312,109.0999984741211,108.62999725341797,109.02999877929688,1752500
2015-03-06,90.1473617553711,107.45999908447266,108.66000366210938,107.23999786376953,108.47000122070312,2799000
2015-03-09,90.48290252685547,107.86000061035156,108.05000305175781,107.5199966430664,107.5999984741211,1827900
2015-03-10,89.1071548461914,106.22000122070312,107.0999984741211,106.20999908447266,107.0,3543800
2015-03-11,89.0400161743164,106.13999938964844,106.48999786376953,105.9800033569336,106.43000030517578,3071300
2015-03-12,90.15575408935547,107.47000122070312,107.51000213623047,106.41999816894531,106.47000122070312,3907600
2015-03-13,89.65242767333984,106.87000274658203,107.4000015258789,106.16999816894531,107.37000274658203,2073000
2015-03-16,90.77652740478516,108.20999908447266,108.2300033569336,107.26000213623047,107.36000061035156,2706600
2015-03-17,90.60035705566406,108.0,108.19000244140625,107.47000122070312,107.80000305175781,1754000
2015-03-18,91.64057922363281,109.23999786376953,109.62999725341797,107.3499984741211,107.68000030517578,3662900
2015-03-19,91.31341552734375,108.8499984741211,109.19999694824219,108.56999969482422,109.02999877929688,3901300
2015-03-20,92.07681274414062,109.76000213623047,110.0199966430664,109.37000274658203,109.48999786376953,1741100
2015-03-23,91.91742706298828,109.56999969482422,110.08999633789062,109.56999969482422,109.72000122070312,2084200
2015-03-24,91.43084716796875,108.98999786376953,109.73999786376953,108.94000244140625,109.54000091552734,3398600
2015-03-25,90.00480651855469,106.79000091552734,108.75,106.79000091552734,108.63999938964844,2817000
2015-03-26,89.82780456542969,106.58000183105469,107.12000274658203,105.9800033569336,106.38999938964844,3164500
2015-03-27,90.07225799560547,106.87000274658203,106.97000122070312,106.41999816894531,106.5999984741211,3298000
2015-03-30,91.21846771240234,108.2300033569336,108.38999938964844,107.5199966430664,107.58999633789062,1885800
2015-03-31,90.39248657226562,107.25,108.66999816894531,107.0,107.7300033569336,2077100
2015-04-01,90.22393035888672,107.05000305175781,107.41000366210938,106.38999938964844,107.33999633789062,11026400
2015-04-02,90.510498046875,107.38999938964844,107.69999694824219,106.8499984741211,107.02999877929688,2041200
2015-04-06,91.13419342041016,108.12999725341797,108.41000366210938,106.79000091552734,107.2699966430664,2186600
2015-04-07,90.83075714111328,107.7699966430664,108.54000091552734,107.7699966430664,108.12999725341797,1983900
2015-04-08,91.21846771240234,108.2300033569336,108.43000030517578,107.72000122070312,108.0,2454300
2015-04-09,91.53874969482422,108.61000061035156,108.70999908447266,107.73999786376953,108.19999694824219,2214200
2015-04-10,91.96858215332031,109.12000274658203,109.1500015258789,108.63999938964844,108.87000274658203,2406100
2015-04-13,91.60619354248047,108.69000244140625,109.43000030517578,108.66000366210938,109.04000091552734,3524800
2015-04-14,91.74101257324219,108.8499984741211,108.9800033569336,108.16000366210938,108.66000366210938,1460800
2015-04-15,92.20455932617188,109.4000015258789,109.69000244140625,109.08000183105469,109.23999786376953,1512400
2015-04-16,92.16242218017578,109.3499984741211,109.62999725341797,109.05999755859375,109.2300033569336,1490200
2015-04-17,91.0920639038086,108.08000183105469,108.80000305175781,107.61000061035156,108.69999694824219,2657000
2015-04-20,91.83377838134766,108.95999908447266,109.18000030517578,108.62000274658203,108.66999816894531,2005000
2015-04-21,91.80845642089844,108.93000030517578,109.5199966430664,108.75,109.44999694824219,3909900
2015-04-22,92.19615936279297,109.38999938964844,109.5,108.52999877929688,109.08000183105469,1469300
2015-04-23,92.4826889038086,109.7300033569336,110.08000183105469,109.0999984741211,109.13999938964844,2340700
2015-04-24,92.58383178710938,109.8499984741211,110.0,109.62000274658203,109.91999816894531,1775100
2015-04-27,92.10345458984375,109.27999877929688,110.27999877929688,109.16999816894531,110.19000244140625,1827800
2015-04-28,92.34786224365234,109.56999969482422,109.6500015258789,108.5,109.54000091552734,2595000
2015-04-29,91.94329071044922,109.08999633789062,109.45999908447266,108.62999725341797,109.01000213623047,2432000
2015-04-30,90.94879150390625,107.91000366210938,108.91999816894531,107.47000122070312,108.77999877929688,3635900
2015-05-01,91.78316497802734,108.9000015258789,108.9800033569336,108.2300033569336,108.4000015258789,3924700
2015-05-04,92.10345458984375,109.27999877929688,109.66000366210938,109.12000274658203,109.23999786376953,1713300
2015-05-05,91.00776672363281,107.9800033569336,109.36000061035156,107.87999725341797,109.16999816894531,1692700
2015-05-06,90.75491333007812,107.68000030517578,108.54000091552734,107.01000213623047,108.37999725341797,3691700
2015-05-07,91.10047912597656,108.08999633789062,108.37000274658203,107.37999725341797,107.5999984741211,2363500
2015-05-08,92.24671936035156,109.44999694824219,109.58999633789062,109.08000183105469,109.11000061035156,1796400
2015-05-11,91.85900115966797,108.98999786376953,109.58999633789062,108.93000030517578,109.33000183105469,1656900
2015-05-12,91.58931732177734,108.66999816894531,109.01000213623047,107.93000030517578,108.4800033569336,1657500
2015-05-13,91.63987731933594,108.7300033569336,109.30000305175781,108.58000183105469,108.97000122070312,2424500
2015-05-14,92.55013275146484,109.80999755859375,109.8499984741211,109.0999984741211,109.33000183105469,1579200
2015-05-15,92.65969848632812,109.94000244140625,109.98999786376953,109.5999984741211,109.87999725341797,1862700
2015-05-18,93.00524139404297,110.3499984741211,110.5,109.75,109.80999755859375,2769100
2015-05-19,92.96310424804688,110.30000305175781,110.55999755859375,110.12000274658203,110.37999725341797,2845000
2015-05-20,92.90411376953125,110.2300033569336,110.68000030517578,110.02999877929688,110.33999633789062,2478400
2015-05-21,93.1401138305664,110.51000213623047,110.66000366210938,110.06999969482422,110.18000030517578,1476400
2015-05-22,92.96310424804688,110.30000305175781,110.55000305175781,110.22000122070312,110.37999725341797,1187900
2015-05-26,91.99385070800781,109.1500015258789,110.0199966430664,108.87000274658203,110.0199966430664,2226700
2015-05-27,92.836669921875,110.1500015258789,110.27999877929688,109.19999694824219,109.44999694824219,2562200
2015-05-28,92.75242614746094,110.05000305175781,110.08000183105469,109.56999969482422,109.97000122070312,2022400
2015-05-29,92.12871551513672,109.30999755859375,110.0199966430664,109.18000030517578,109.98999786376953,1943200
2015-06-01,92.35629272460938,109.58000183105469,109.95999908447266,109.05999755859375,109.80000305175781,2354900
2015-06-02,92.28884887695312,109.5,109.93000030517578,108.94999694824219,109.25,1925300
2015-06-03,92.60912322998047,109.87999725341797,110.22000122070312,109.52999877929688,109.77999877929688,1731100
2015-06-04,91.86744689941406,109.0,109.80000305175781,108.7699966430664,109.5,1845800
2015-06-05,91.79158020019531,108.91000366210938,109.19999694824219,108.33000183105469,108.91000366210938,3342700
2015-06-08,91.22687530517578,108.23999786376953,108.95999908447266,108.18000030517578,108.87999725341797,2990700
2015-06-09,91.15104675292969,108.1500015258789,108.4800033569336,107.7300033569336,108.25,2976500
2015-06-10,92.2635498046875,109.47000122070312,109.66000366210938,108.58999633789062,108.69999694824219,1592600
2015-06-11,92.52484130859375,109.77999877929688,110.01000213623047,109.58000183105469,109.70999908447266,1850500
2015-06-12,91.91802978515625,109.05999755859375,109.5,108.87999725341797,109.27999877929688,1490900
2015-06-15,91.49658966064453,108.55999755859375,108.76000213623047,107.87000274658203,108.27999877929688,2865500
2015-06-16,92.0023422241211,109.16000366210938,109.25,108.4000015258789,108.44999694824219,2604800
2015-06-17,92.15399169921875,109.33999633789062,109.69000244140625,108.73999786376953,109.33000183105469,1911700
2015-06-18,93.0642318725586,110.41999816894531,110.76000213623047,109.58000183105469,109.58000183105469,2496300
2015-06-19,92.65969848632812,109.94000244140625,110.41999816894531,109.86000061035156,110.38999938964844,1735900
2015-06-22,93.22441101074219,110.61000061035156,110.9000015258789,110.44999694824219,110.68000030517578,1864800
2015-06-23,93.31710815429688,110.72000122070312,110.8499984741211,110.45999908447266,110.7300033569336,3080400
2015-06-24,92.60912322998047,109.87999725341797,110.70999908447266,109.86000061035156,110.55999755859375,4931200
2015-06-25,92.32257080078125,109.54000091552734,110.23999786376953,109.44999694824219,110.19999694824219,2110800
2015-06-26,92.27008056640625,109.01000213623047,109.38999938964844,108.6500015258789,109.29000091552734,1503900
2015-06-29,90.3402099609375,106.7300033569336,108.5,106.6500015258789,108.02999877929688,3642700
2015-06-30,90.58566284179688,107.0199966430664,107.6500015258789,106.68000030517578,107.62000274658203,3394000
2015-07-01,91.17816925048828,107.72000122070312,108.11000061035156,107.27999877929688,108.0199966430664,12016300
2015-07-02,91.05968475341797,107.58000183105469,108.19999694824219,107.3499984741211,108.05000305175781,3140000
2015-07-06,90.82266235351562,107.30000305175781,107.79000091552734,106.62000274658203,106.98999786376953,2570800
2015-07-07,91.32206726074219,107.88999938964844,108.0,105.93000030517578,107.44000244140625,3329600
2015-07-08,89.79850006103516,106.08999633789062,107.27999877929688,105.91000366210938,107.0999984741211,2938900
2015-07-09,89.98471069335938,106.30999755859375,107.69000244140625,106.2699966430664,107.1500015258789,3064800
2015-07-10,91.07662200927734,107.5999984741211,107.83999633789062,107.0999984741211,107.58000183105469,3432400
2015-07-13,92.10926055908203,108.81999969482422,108.88999938964844,108.37999725341797,108.58000183105469,2835300
2015-07-14,92.52401733398438,109.30999755859375,109.5,108.58999633789062,108.80000305175781,2292500
2015-07-15,92.40550231933594,109.16999816894531,109.55999755859375,108.91000366210938,109.37000274658203,2555700
2015-07-16,93.04879760742188,109.93000030517578,109.94999694824219,109.6500015258789,109.8499984741211,1314000
2015-07-17,93.07421875,109.95999908447266,110.0,109.6500015258789,109.98999786376953,1295400
2015-07-20,93.08265686035156,109.97000122070312,110.20999908447266,109.77999877929688,110.05000305175781,1339000
2015-07-21,92.67636108398438,109.48999786376953,110.04000091552734,109.30000305175781,109.87999725341797,1661000
2015-07-22,92.54096984863281,109.33000183105469,109.5,109.0,109.0999984741211,1852400
2015-07-23,92.0076904296875,108.69999694824219,109.52999877929688,108.5199966430664,109.47000122070312,1569500
2015-07-24,91.04275512695312,107.55999755859375,108.83000183105469,107.38999938964844,108.75,2073500
2015-07-27,90.4417953491211,106.8499984741211,107.45999908447266,106.5999984741211,107.05999755859375,2958400
2015-07-28,91.51675415039062,108.12000274658203,108.2300033569336,106.77999877929688,107.16000366210938,2198600
2015-07-29,92.14310455322266,108.86000061035156,108.9800033569336,108.05999755859375,108.18000030517578,1624200
2015-07-30,92.21929168701172,108.94999694824219,109.04000091552734,108.16999816894531,108.56999969482422,1390400
2015-07-31,92.12620544433594,108.83999633789062,109.33999633789062,108.69999694824219,109.30999755859375,2422700
2015-08-03,91.79606628417969,108.44999694824219,108.98999786376953,107.88999938964844,108.98999786376953,2654600
2015-08-04,91.64370727539062,108.2699966430664,108.75,108.0,108.44999694824219,1600000
2015-08-05,91.94844055175781,108.62999725341797,109.33999633789062,108.45999908447266,108.83999633789062,1253600
2015-08-06,91.19512176513672,107.73999786376953,108.91999816894531,107.23999786376953,108.91999816894531,1969500
2015-08-07,90.93269348144531,107.43000030517578,107.69999694824219,106.88999938964844,107.62000274658203,3295100
2015-08-10,92.06694030761719,108.7699966430664,108.8499984741211,108.05000305175781,108.08000183105469,1981300
2015-08-11,91.23745727539062,107.79000091552734,108.2300033569336,107.37000274658203,108.0,1833100
2015-08-12,91.33055877685547,107.9000015258789,108.02999877929688,106.08999633789062,107.01000213623047,2611300
2015-08-13,91.20358276367188,107.75,108.23999786376953,107.44000244140625,107.91000366210938,3545400
2015-08-14,91.55059814453125,108.16000366210938,108.2300033569336,107.54000091552734,107.69999694824219,1154500
2015-08-17,92.13465118408203,108.8499984741211,108.86000061035156,107.51000213623047,107.88999938964844,1739100
2015-08-18,91.89763641357422,108.56999969482422,108.88999938964844,108.37000274658203,108.77999877929688,2695000
2015-08-19,91.07662200927734,107.5999984741211,108.44999694824219,107.08000183105469,108.05000305175781,2183200
2015-08-20,89.09595489501953,105.26000213623047,107.0,105.25,106.80000305175781,4377900
2015-08-21,86.53125762939453,102.2300033569336,104.73999786376953,102.18000030517578,104.31999969482422,9877600
2015-08-24,83.0523910522461,98.12000274658203,101.2699966430664,93.0,96.4000015258789,18137000
2015-08-25,82.06205749511719,96.94999694824219,101.72000122070312,96.87000274658203,101.41000366210938,9215900
2015-08-26,85.04151153564453,100.47000122070312,100.58000183105469,97.38999938964844,99.98999786376953,8299100
2015-08-27,87.09835052490234,102.9000015258789,103.05000305175781,100.91999816894531,101.97000122070312,8779300
2015-08-28,87.16607666015625,102.9800033569336,103.31999969482422,102.37000274658203,102.58999633789062,5165600
2015-08-31,86.5143051147461,102.20999908447266,103.01000213623047,101.94999694824219,102.52999877929688,4526300
2015-09-01,83.97502899169922,99.20999908447266,100.83000183105469,98.75,99.94999694824219,9264700
2015-09-02,85.55784606933594,101.08000183105469,101.08000183105469,99.55000305175781,100.77999877929688,7681000
2015-09-03,85.659423828125,101.19999694824219,102.44000244140625,100.9000015258789,101.58000183105469,5151300
2015-09-04,84.44054412841797,99.76000213623047,100.41000366210938,99.26000213623047,99.91999816894531,4317800
2015-09-08,86.57356262207031,102.27999877929688,102.31999969482422,101.05999755859375,101.58999633789062,3342000
2015-09-09,85.3885498046875,100.87999725341797,103.4000015258789,100.69000244140625,103.23999786376953,3691200
2015-09-10,85.82870483398438,101.4000015258789,102.06999969482422,100.62999725341797,100.87999725341797,3696000
2015-09-11,86.21807098388672,101.86000061035156,101.87999725341797,100.69999694824219,101.04000091552734,2007900
2015-09-14,85.88795471191406,101.47000122070312,101.91000366210938,101.19999694824219,101.91000366210938,3711100
2015-09-15,86.97137451171875,102.75,102.97000122070312,101.52999877929688,101.80999755859375,2388300
2015-09-16,87.70780181884766,103.62000274658203,103.7300033569336,102.69999694824219,102.87000274658203,2447500
2015-09-17,87.58930206298828,103.4800033569336,105.0199966430664,103.23999786376953,103.63999938964844,4726600
2015-09-18,86.20112609863281,101.83999633789062,102.88999938964844,101.58999633789062,102.05000305175781,3271800
2015-09-21,86.54817199707031,102.25,103.0199966430664,101.66999816894531,102.41999816894531,2680300
2015-09-22,85.3885498046875,100.87999725341797,101.23999786376953,100.20999908447266,101.0,3034000
2015-09-23,85.21928405761719,100.68000030517578,101.27999877929688,100.33999633789062,101.04000091552734,1788900
2015-09-24,84.91451263427734,100.31999969482422,100.52999877929688,99.0999984741211,100.0199966430664,3723400
2015-09-25,84.74269104003906,99.61000061035156,100.87000274658203,99.06999969482422,100.76000213623047,4937800
2015-09-28,82.47119903564453,96.94000244140625,99.12999725341797,96.80000305175781,99.05999755859375,5606400
2015-09-29,82.45417022705078,96.91999816894531,97.83999633789062,96.37000274658203,97.2300033569336,4548600
2015-09-30,83.98554229736328,98.72000122070312,98.79000091552734,97.55000305175781,98.11000061035156,3747800
2015-10-01,84.15568542480469,98.91999816894531,99.12000274658203,97.70999908447266,98.95999908447266,3808800
2015-10-02,85.38074493408203,100.36000061035156,100.37000274658203,97.37999725341797,97.95999908447266,3654500
2015-10-05,86.95463562011719,102.20999908447266,102.36000061035156,101.04000091552734,101.0999984741211,3405800
2015-10-06,86.67386627197266,101.87999725341797,102.45999908447266,101.37999725341797,102.20999908447266,2463100
2015-10-07,87.45657348632812,102.80000305175781,102.87999725341797,101.69999694824219,102.44000244140625,2583900
2015-10-08,88.21372985839844,103.69000244140625,103.87999725341797,102.37999725341797,102.52999877929688,2521000
2015-10-09,88.3328628540039,103.83000183105469,104.05999755859375,103.43000030517578,103.80000305175781,1649500
2015-10-12,88.34984588623047,103.8499984741211,103.94999694824219,103.51000213623047,103.8499984741211,1680100
2015-10-13,87.70329284667969,103.08999633789062,104.16999816894531,102.98999786376953,103.29000091552734,2221000
2015-10-14,87.25240325927734,102.55999755859375,103.44000244140625,102.37999725341797,103.05000305175781,1902900
2015-10-15,88.571044921875,104.11000061035156,104.12000274658203,102.62999725341797,102.91999816894531,2218200
2015-10-16,88.91133117675781,104.51000213623047,104.54000091552734,103.8499984741211,104.37000274658203,1902100
2015-10-19,89.013427734375,104.62999725341797,104.66999816894531,103.97000122070312,104.30000305175781,1457900
2015-10-20,88.91133117675781,104.51000213623047,104.91000366210938,104.19000244140625,104.38999938964844,1806000
2015-10-21,88.21372985839844,103.69000244140625,104.86000061035156,103.58999633789062,104.70999908447266,1777800
2015-10-22,89.50687408447266,105.20999908447266,105.43000030517578,104.12000274658203,104.27999877929688,1979200
2015-10-23,90.44268798828125,106.30999755859375,106.47000122070312,105.66999816894531,106.12999725341797,2404300
2015-10-26,90.22999572753906,106.05999755859375,106.30000305175781,105.8499984741211,106.26000213623047,3078300
2015-10-27,89.9322280883789,105.70999908447266,105.94000244140625,105.26000213623047,105.83000183105469,1686000
2015-10-28,91.11479187011719,107.0999984741211,107.12000274658203,105.62000274658203,105.94000244140625,2421700
2015-10-29,90.9786605834961,106.94000244140625,107.18000030517578,106.68000030517578,106.72000122070312,2666900
2015-10-30,90.62984466552734,106.52999877929688,107.27999877929688,106.5,107.13999938964844,2203200
2015-11-02,91.8208999633789,107.93000030517578,108.0,106.68000030517578,106.77999877929688,3396400
2015-11-03,92.05058288574219,108.19999694824219,108.56999969482422,107.55000305175781,107.70999908447266,3100800
2015-11-04,91.82939147949219,107.94000244140625,108.52999877929688,107.56999969482422,108.51000213623047,2893600
2015-11-05,91.72731018066406,107.81999969482422,108.2300033569336,107.20999908447266,108.04000091552734,2144000
2015-11-06,91.74432373046875,107.83999633789062,107.8499984741211,106.91999816894531,107.56999969482422,2078900
2015-11-09,90.82553100585938,106.76000213623047,107.9000015258789,106.19999694824219,107.9000015258789,2620800
2015-11-10,91.02971649169922,107.0,107.04000091552734,106.29000091552734,106.45999908447266,1605400
2015-11-11,90.63836669921875,106.54000091552734,107.2699966430664,106.52999877929688,107.2699966430664,1342200
2015-11-12,89.28569793701172,104.94999694824219,106.16000366210938,104.94999694824219,105.97000122070312,3110400
2015-11-13,88.34135437011719,103.83999633789062,104.87999725341797,103.80999755859375,104.76000213623047,3003700
2015-11-16,89.62596893310547,105.3499984741211,105.36000061035156,103.69000244140625,103.80000305175781,2635400
2015-11-17,89.5153579711914,105.22000122070312,106.08999633789062,104.97000122070312,105.51000213623047,2243300
2015-11-18,90.94461822509766,106.9000015258789,107.0,105.54000091552734,105.58000183105469,2106100
2015-11-19,90.82553100585938,106.76000213623047,107.08000183105469,106.62000274658203,106.91000366210938,1623400
2015-11-20,91.21685791015625,107.22000122070312,107.5999984741211,106.9800033569336,107.2300033569336,1563500
2015-11-23,91.1232681274414,107.11000061035156,107.58999633789062,106.87999725341797,107.2300033569336,3145000
2015-11-24,91.3614730834961,107.38999938964844,107.58999633789062,106.30999755859375,106.56999969482422,2032600
2015-11-25,91.4295654296875,107.47000122070312,107.66000366210938,107.25,107.51000213623047,1820300
2015-11-27,91.5656509399414,107.62999725341797,107.76000213623047,107.22000122070312,107.58999633789062,552400
2015-11-30,91.1743392944336,107.16999816894531,107.8499984741211,107.11000061035156,107.77999877929688,3618100
2015-12-01,92.03357696533203,108.18000030517578,108.20999908447266,107.37000274658203,107.58999633789062,2443600
2015-12-02,91.0722427368164,107.05000305175781,108.2699966430664,106.87999725341797,108.0999984741211,2937200
2015-12-03,89.71102905273438,105.44999694824219,107.4800033569336,105.05999755859375,107.29000091552734,3345600
2015-12-04,91.3614730834961,107.38999938964844,107.54000091552734,105.62000274658203,105.80999755859375,4520000
2015-12-07,90.64685821533203,106.55000305175781,107.2699966430664,106.05999755859375,107.2300033569336,3000500
2015-12-08,90.1023941040039,105.91000366210938,106.4000015258789,105.2699966430664,105.94000244140625,3149600
2015-12-09,89.32818603515625,105.0,106.75,104.4800033569336,105.55000305175781,4179800
2015-12-10,89.59193420410156,105.30999755859375,106.05999755859375,104.91999816894531,105.18000030517578,3684900
2015-12-11,87.83087921142578,103.23999786376953,104.43000030517578,103.06999969482422,104.16999816894531,5100700
2015-12-14,88.14569854736328,103.61000061035156,103.72000122070312,102.18000030517578,103.36000061035156,7237800
2015-12-15,89.09000396728516,104.72000122070312,105.19000244140625,104.36000061035156,104.44000244140625,2918000
2015-12-16,90.3831558227539,106.23999786376953,106.41999816894531,104.69999694824219,105.45999908447266,5972400
2015-12-17,89.05597686767578,104.68000030517578,106.47000122070312,104.68000030517578,106.44000244140625,4939900
2015-12-18,87.54166412353516,102.9000015258789,104.36000061035156,102.9000015258789,104.16999816894531,4207700
2015-12-21,88.23725128173828,103.12999725341797,103.27999877929688,102.37000274658203,103.19000244140625,3240700
2015-12-22,89.03296661376953,104.05999755859375,104.26000213623047,103.04000091552734,103.6500015258789,2876600
2015-12-23,90.14523315429688,105.36000061035156,105.4000015258789,104.51000213623047,104.62999725341797,3342300
2015-12-24,90.03398132324219,105.2300033569336,105.5999984741211,105.08000183105469,105.22000122070312,1460500
2015-12-28,89.83720397949219,105.0,105.0,104.31999969482422,104.87999725341797,3479600
2015-12-29,90.79545593261719,106.12000274658203,106.23999786376953,105.54000091552734,105.69000244140625,2508300
2015-12-30,90.1109848022461,105.31999969482422,106.0,105.25,105.95999908447266,2405900
2015-12-31,89.2383041381836,104.30000305175781,105.31999969482422,104.30000305175781,104.93000030517578,3652200
2016-01-04,87.90357971191406,102.73999786376953,102.94999694824219,101.58000183105469,102.58000183105469,6138300
2016-01-05,88.10035705566406,102.97000122070312,103.18000030517578,102.30000305175781,102.9000015258789,3652300
2016-01-06,86.9196548461914,101.58999633789062,102.2300033569336,100.94999694824219,101.52999877929688,3732800
2016-01-07,84.7891845703125,99.0999984741211,100.80000305175781,98.87000274658203,99.9000015258789,9256200
2016-01-08,83.8223876953125,97.97000122070312,99.98999786376953,97.77999877929688,99.61000061035156,7015800
2016-01-11,83.77106475830078,97.91000366210938,98.66999816894531,96.77999877929688,98.55000305175781,6863800
2016-01-12,84.34430694580078,98.58000183105469,99.16999816894531,97.27999877929688,98.80000305175781,4457300
2016-01-13,82.17107391357422,96.04000091552734,99.19999694824219,95.77999877929688,99.0,6163000
2016-01-14,83.4288330078125,97.51000213623047,98.18000030517578,95.33000183105469,96.36000061035156,5085100
2016-01-15,81.67484283447266,95.45999908447266,95.87999725341797,94.22000122070312,95.05000305175781,8101700
2016-01-19,81.58927917480469,95.36000061035156,96.66999816894531,94.5,96.56999969482422,7435700
2016-01-20,80.78501892089844,94.41999816894531,95.2699966430664,91.79000091552734,94.0,13844900
2016-01-21,81.10157775878906,94.79000091552734,95.95999908447266,93.81999969482422,94.69999694824219,7169500
2016-01-22,82.82990264892578,96.80999755859375,96.88999938964844,95.94999694824219,96.33000183105469,3701500
2016-01-25,81.46949768066406,95.22000122070312,96.6500015258789,95.11000061035156,96.63999938964844,4470500
2016-01-26,82.71012115478516,96.66999816894531,96.81999969482422,95.44000244140625,95.5999984741211,3333400
2016-01-27,81.76897430419922,95.56999969482422,97.31999969482422,95.05000305175781,96.4000015258789,5202400
2016-01-28,82.09407043457031,95.94999694824219,96.66000366210938,95.05000305175781,96.55999755859375,4540700
2016-01-29,84.13042449951172,98.33000183105469,98.36000061035156,96.3499984741211,96.44999694824219,5005400
2016-02-01,84.14752960205078,98.3499984741211,98.80999755859375,97.37000274658203,97.75,3868900
2016-02-02,82.5218734741211,96.44999694824219,97.55000305175781,96.16000366210938,97.5,3279600
2016-02-03,83.01815032958984,97.02999877929688,97.29000091552734,94.88999938964844,97.08999633789062,5457300
2016-02-04,83.21488952636719,97.26000213623047,97.91999816894531,96.47000122070312,96.79000091552734,3431800
2016-02-05,81.50374603271484,95.26000213623047,97.0,94.94999694824219,96.94000244140625,3993600
2016-02-08,80.23743438720703,93.77999877929688,94.37999725341797,92.5,94.19999694824219,6303900
2016-02-09,80.1347885131836,93.66000366210938,94.47000122070312,92.69999694824219,92.83999633789062,4793900
2016-02-10,80.18614196777344,93.72000122070312,95.2699966430664,93.62000274658203,94.19000244140625,3580000
2016-02-11,79.19361114501953,92.55999755859375,93.05999755859375,91.58000183105469,92.38999938964844,7239700
2016-02-12,80.73370361328125,94.36000061035156,94.37999725341797,93.01000213623047,93.47000122070312,2948100
2016-02-16,82.20532989501953,96.08000183105469,96.08999633789062,94.95999908447266,95.62000274658203,3577700
2016-02-17,83.56568908691406,97.66999816894531,97.93000030517578,96.58999633789062,96.7699966430664,3635000
2016-02-18,83.23204803466797,97.27999877929688,97.91999816894531,97.08999633789062,97.9000015258789,2432100
2016-02-19,83.24916076660156,97.30000305175781,97.36000061035156,96.43000030517578,96.8499984741211,2243700
2016-02-22,84.4640884399414,98.72000122070312,98.80000305175781,98.11000061035156,98.23999786376953,2235400
2016-02-23,83.44593048095703,97.52999877929688,98.5199966430664,97.47000122070312,98.37999725341797,3203900
2016-02-24,83.87374114990234,98.02999877929688,98.13999938964844,95.98999786376953,96.58000183105469,3253400
2016-02-25,84.86622619628906,99.19000244140625,99.19000244140625,97.81999969482422,98.2699966430664,4961900
2016-02-26,84.7977523803711,99.11000061035156,99.76000213623047,98.95999908447266,99.66999816894531,3194300
2016-02-29,84.1218490600586,98.31999969482422,99.69000244140625,98.31999969482422,99.12000274658203,2749400
2016-03-01,86.12393951416016,100.66000366210938,100.68000030517578,98.83999633789062,99.12999725341797,2955700
2016-03-02,86.60307312011719,101.22000122070312,101.23999786376953,100.26000213623047,100.5199966430664,3591400
2016-03-03,87.0308609008789,101.72000122070312,101.75,100.8499984741211,101.12999725341797,2703100
2016-03-04,87.33030700683594,102.06999969482422,102.5999984741211,101.4000015258789,101.88999938964844,2442100
2016-03-07,87.51000213623047,102.27999877929688,102.55999755859375,101.55999755859375,101.6500015258789,2963900
2016-03-08,86.42340087890625,101.01000213623047,101.80000305175781,100.91000366210938,101.7300033569336,3436900
2016-03-09,86.84261322021484,101.5,101.69999694824219,100.9800033569336,101.5,2131700
2016-03-10,86.81697082519531,101.47000122070312,102.30000305175781,100.4000015258789,101.80000305175781,3702000
2016-03-11,88.28856658935547,103.19000244140625,103.23999786376953,102.33000183105469,102.37000274658203,3253500
2016-03-14,88.1859130859375,103.06999969482422,103.31999969482422,102.69000244140625,102.87999725341797,2987100
2016-03-15,87.88506317138672,102.23999786376953,102.26000213623047,101.76000213623047,102.0,2992400
2016-03-16,88.43519592285156,102.87999725341797,103.08999633789062,101.91000366210938,101.98999786376953,3473600
2016-03-17,89.11427307128906,103.66999816894531,103.91999816894531,102.5999984741211,102.87000274658203,3472500
2016-03-18,89.50968170166016,104.12999725341797,104.27999877929688,103.80000305175781,103.94999694824219,2942300
2016-03-21,89.59564971923828,104.2300033569336,104.36000061035156,103.80000305175781,103.9800033569336,2539300
2016-03-22,89.56986999511719,104.19999694824219,104.5199966430664,103.61000061035156,103.75,1962600
2016-03-23,88.83922576904297,103.3499984741211,104.04000091552734,103.27999877929688,104.04000091552734,6087100
2016-03-24,88.81340789794922,103.31999969482422,103.33000183105469,102.52999877929688,102.76000213623047,2173000
2016-03-28,88.87358856201172,103.38999938964844,103.70999908447266,103.06999969482422,103.58000183105469,2103400
2016-03-29,89.86212921142578,104.54000091552734,104.55000305175781,102.95999908447266,103.19000244140625,2925100
2016-03-30,90.2059555053711,104.94000244140625,105.38999938964844,104.7300033569336,105.04000091552734,2258800
2016-03-31,90.10281372070312,104.81999969482422,105.22000122070312,104.69999694824219,104.97000122070312,2230100
2016-04-01,90.6701431274414,105.4800033569336,105.56999969482422,103.94999694824219,104.30000305175781,2996000
2016-04-04,90.29190826416016,105.04000091552734,105.55000305175781,104.88999938964844,105.48999786376953,1847400
2016-04-05,89.4151382446289,104.0199966430664,104.55000305175781,103.87000274658203,104.30999755859375,2572500
2016-04-06,90.39507293701172,105.16000366210938,105.19999694824219,103.9000015258789,104.08999633789062,2572000
2016-04-07,89.31195831298828,103.9000015258789,104.73999786376953,103.44000244140625,104.5,2134800
2016-04-08,89.56983947753906,104.19999694824219,104.9000015258789,103.91000366210938,104.56999969482422,2337000
2016-04-11,89.32057189941406,103.91000366210938,105.05000305175781,103.91000366210938,104.6500015258789,2276300
2016-04-12,90.18877410888672,104.91999816894531,105.0999984741211,103.77999877929688,104.0999984741211,2358000
2016-04-13,91.24607849121094,106.1500015258789,106.16999816894531,105.43000030517578,105.5,2864500
2016-04-14,91.21168518066406,106.11000061035156,106.38999938964844,105.9000015258789,106.23999786376953,1666900
2016-04-15,91.1687240600586,106.05999755859375,106.19000244140625,105.87000274658203,106.12000274658203,1622600
2016-04-18,91.77902221679688,106.7699966430664,106.79000091552734,105.61000061035156,105.73999786376953,1767100
2016-04-19,92.03690338134766,107.06999969482422,107.30999755859375,106.61000061035156,107.0199966430664,2103700
2016-04-20,92.13146209716797,107.18000030517578,107.63999938964844,106.83000183105469,107.20999908447266,1958900
2016-04-21,91.67587280273438,106.6500015258789,107.33000183105469,106.4800033569336,107.26000213623047,1675200
2016-04-22,91.80482482910156,106.80000305175781,106.93000030517578,106.23999786376953,106.51000213623047,1893600
2016-04-25,91.58130645751953,106.54000091552734,106.58999633789062,106.05999755859375,106.5,2088100
2016-04-26,91.8305892944336,106.83000183105469,107.05000305175781,106.44000244140625,106.77999877929688,1747500
2016-04-27,92.05408477783203,107.08999633789062,107.33000183105469,106.41999816894531,106.66000366210938,2267900
2016-04-28,91.2288818359375,106.12999725341797,107.30000305175781,105.87000274658203,106.62999725341797,4834200
2016-04-29,90.6959228515625,105.51000213623047,105.95999908447266,104.80999755859375,105.80000305175781,3068000
2016-05-02,91.40078735351562,106.33000183105469,106.4000015258789,105.47000122070312,105.80000305175781,2546500
2016-05-03,90.48104858398438,105.26000213623047,105.68000030517578,104.81999969482422,105.62000274658203,5172600
2016-05-04,89.94808959960938,104.63999938964844,105.16999816894531,104.37000274658203,104.76000213623047,2578800
2016-05-05,89.91371154785156,104.5999984741211,105.16999816894531,104.37000274658203,104.94999694824219,1616700
2016-05-06,90.2403335571289,104.9800033569336,104.98999786376953,104.0,104.13999938964844,1759600
2016-05-09,90.33490753173828,105.08999633789062,105.33999633789062,104.7699966430664,104.87000274658203,1747300
2016-05-10,91.40938568115234,106.33999633789062,106.4000015258789,105.41000366210938,105.5,2400900
2016-05-11,90.57560729980469,105.37000274658203,106.29000091552734,105.33999633789062,106.08999633789062,1531600
2016-05-12,90.54121398925781,105.33000183105469,105.87999725341797,104.72000122070312,105.81999969482422,2470000
2016-05-13,89.75897979736328,104.41999816894531,105.4800033569336,104.22000122070312,105.08000183105469,3754800
2016-05-16,90.65296173095703,105.45999908447266,105.75,104.41000366210938,104.58000183105469,2069600
2016-05-17,89.83631896972656,104.51000213623047,105.45999908447266,104.16000366210938,105.26000213623047,2792200
2016-05-18,89.82772064208984,104.5,105.19999694824219,103.81999969482422,104.51000213623047,2797700
2016-05-19,89.47532653808594,104.08999633789062,104.36000061035156,103.37000274658203,104.08000183105469,2616800
2016-05-20,90.1629638671875,104.88999938964844,105.13999938964844,104.44999694824219,104.54000091552734,2005700
2016-05-23,90.05126190185547,104.76000213623047,105.12000274658203,104.66000366210938,104.91999816894531,1662200
2016-05-24,91.25465393066406,106.16000366210938,106.37000274658203,105.22000122070312,105.22000122070312,2409000
2016-05-25,91.91654968261719,106.93000030517578,107.13999938964844,106.51000213623047,106.51000213623047,3266500
2016-05-26,91.89936065673828,106.91000366210938,107.13999938964844,106.7300033569336,107.0199966430664,1803600
2016-05-27,92.31197357177734,107.38999938964844,107.38999938964844,106.94999694824219,106.97000122070312,1691400
2016-05-31,92.26899719238281,107.33999633789062,107.69000244140625,106.95999908447266,107.56999969482422,2570700
2016-06-01,92.51825714111328,107.62999725341797,107.69999694824219,106.80000305175781,107.0,2679600
2016-06-02,92.82772064208984,107.98999786376953,107.98999786376953,107.11000061035156,107.4000015258789,2112700
2016-06-03,92.56985473632812,107.69000244140625,107.87000274658203,106.94000244140625,107.77999877929688,2502500
2016-06-06,93.05120849609375,108.25,108.45999908447266,107.80000305175781,107.83999633789062,1782300
2016-06-07,93.23173522949219,108.45999908447266,108.80999755859375,108.31999969482422,108.38999938964844,1271500
2016-06-08,93.55838012695312,108.83999633789062,108.93000030517578,108.5,108.61000061035156,1286500
2016-06-09,93.36927032470703,108.62000274658203,108.7300033569336,108.22000122070312,108.44999694824219,1743400
2016-06-10,92.40653228759766,107.5,107.91999816894531,107.16000366210938,107.77999877929688,1666400
2016-06-13,91.64147186279297,106.61000061035156,107.68000030517578,106.58999633789062,107.1500015258789,2354800
2016-06-14,91.47657012939453,105.94999694824219,106.33000183105469,105.36000061035156,105.9000015258789,2170100
2016-06-15,91.38159942626953,105.83999633789062,106.5999984741211,105.73999786376953,106.19000244140625,1841500
2016-06-16,91.64924621582031,106.1500015258789,106.18000030517578,104.69999694824219,105.30000305175781,1884300
2016-06-17,91.34708404541016,105.80000305175781,106.12000274658203,105.38999938964844,106.12000274658203,1713000
2016-06-20,91.9687271118164,106.5199966430664,107.38999938964844,106.45999908447266,106.93000030517578,2402900
2016-06-21,92.16728210449219,106.75,106.98999786376953,106.38999938964844,106.80000305175781,2248300
2016-06-22,91.9601058959961,106.51000213623047,107.27999877929688,106.44000244140625,106.80000305175781,2002700
2016-06-23,93.2292709350586,107.9800033569336,108.0,107.13999938964844,107.41999816894531,1622300
2016-06-24,89.83610534667969,104.05000305175781,105.94000244140625,103.86000061035156,104.12000274658203,7370400
2016-06-27,88.04889678955078,101.9800033569336,103.2300033569336,101.51000213623047,103.22000122070312,5213600
2016-06-28,89.66345977783203,103.8499984741211,103.86000061035156,102.83000183105469,103.08000183105469,7569500
2016-06-29,91.26935577392578,105.70999908447266,105.83000183105469,104.6500015258789,104.68000030517578,2635700
2016-06-30,92.52130889892578,107.16000366210938,107.19999694824219,105.62000274658203,106.01000213623047,5552300
2016-07-01,92.7026138305664,107.37000274658203,107.75,107.06999969482422,107.16000366210938,2938000
2016-07-05,92.01188659667969,106.56999969482422,107.0,106.13999938964844,106.94000244140625,3019900
2016-07-06,92.5730972290039,107.22000122070312,107.26000213623047,105.87999725341797,106.19999694824219,1767700
2016-07-07,92.52991485595703,107.16999816894531,107.7699966430664,106.75,107.37000274658203,1669800
2016-07-08,93.97178649902344,108.83999633789062,108.98999786376953,107.86000061035156,107.91000366210938,2362200
2016-07-11,94.36029815673828,109.29000091552734,109.62000274658203,109.0,109.19000244140625,3868300
2016-07-12,95.14600372314453,110.19999694824219,110.4000015258789,109.68000030517578,109.87999725341797,3222800
2016-07-13,95.09418487548828,110.13999938964844,110.5,109.80999755859375,110.43000030517578,1485700
2016-07-14,95.55178833007812,110.66999816894531,110.98999786376953,110.45999908447266,110.72000122070312,1561100
2016-07-15,95.44820404052734,110.55000305175781,110.97000122070312,110.29000091552734,110.88999938964844,1385500
2016-07-18,95.71583557128906,110.86000061035156,110.93000030517578,110.44000244140625,110.6500015258789,1359900
2016-07-19,95.52587890625,110.63999938964844,110.75,110.4000015258789,110.62000274658203,3154100
2016-07-20,96.03530883789062,111.2300033569336,111.33000183105469,110.66000366210938,110.68000030517578,1135900
2016-07-21,95.6553955078125,110.79000091552734,111.29000091552734,110.5199966430664,111.18000030517578,3393400
2016-07-22,96.11300659179688,111.31999969482422,111.36000061035156,110.70999908447266,110.9000015258789,3546700
2016-07-25,95.86260986328125,111.02999877929688,111.2699966430664,110.69000244140625,111.23999786376953,1394200
2016-07-26,95.96622467041016,111.1500015258789,111.33999633789062,110.62999725341797,111.05999755859375,1432300
2016-07-27,95.85397338867188,111.0199966430664,111.41999816894531,110.55999755859375,111.41000366210938,1977500
2016-07-28,95.974853515625,111.16000366210938,111.37999725341797,110.66000366210938,110.88999938964844,1945800
2016-07-29,96.19935607910156,111.41999816894531,111.62000274658203,110.81999969482422,111.08999633789062,1638200
2016-08-01,96.06980895996094,111.2699966430664,111.66999816894531,111.0,111.4000015258789,2093200
2016-08-02,95.34457397460938,110.43000030517578,111.2300033569336,109.94999694824219,111.19000244140625,2473900
2016-08-03,95.69857788085938,110.83999633789062,110.86000061035156,110.20999908447266,110.38999938964844,1353600
2016-08-04,95.81080627441406,110.97000122070312,111.18000030517578,110.69000244140625,110.8499984741211,1113600
2016-08-05,96.60511779785156,111.88999938964844,111.91999816894531,111.31999969482422,111.41999816894531,1379600
2016-08-08,96.54468536376953,111.81999969482422,112.12000274658203,111.69000244140625,111.98999786376953,1238800
2016-08-09,96.63105773925781,111.91999816894531,112.18000030517578,111.75,111.94000244140625,1032500
2016-08-10,96.34613037109375,111.58999633789062,112.05000305175781,111.41999816894531,111.94000244140625,1259100
2016-08-11,96.82960510253906,112.1500015258789,112.26000213623047,111.7300033569336,111.9800033569336,1378000
2016-08-12,96.7346420288086,112.04000091552734,112.16999816894531,111.76000213623047,111.97000122070312,1542900
2016-08-15,97.08860778808594,112.44999694824219,112.63999938964844,112.06999969482422,112.29000091552734,1442800
2016-08-16,96.53607177734375,111.80999755859375,112.23999786376953,111.80999755859375,112.2300033569336,1228600
2016-08-17,96.65693664550781,111.94999694824219,112.02999877929688,111.2699966430664,111.83999633789062,2791500
2016-08-18,96.95913696289062,112.30000305175781,112.30000305175781,111.70999908447266,111.91999816894531,972100
2016-08-19,96.82099151611328,112.13999938964844,112.2300033569336,111.7300033569336,112.0,1000600
2016-08-22,96.84690856933594,112.16999816894531,112.25,111.7699966430664,112.04000091552734,1102000
2016-08-23,97.10590362548828,112.47000122070312,112.77999877929688,112.44000244140625,112.4800033569336,3252300
2016-08-24,96.56196594238281,111.83999633789062,112.45999908447266,111.58999633789062,112.43000030517578,2267800
2016-08-25,96.50152587890625,111.7699966430664,112.06999969482422,111.55000305175781,111.69999694824219,1205200
2016-08-26,96.30292510986328,111.54000091552734,112.55000305175781,111.05000305175781,111.87000274658203,1851100
2016-08-29,96.82960510253906,112.1500015258789,112.33000183105469,111.69999694824219,111.72000122070312,1071200
2016-08-30,96.6742172241211,111.97000122070312,112.30000305175781,111.66000366210938,112.16000366210938,1534600
2016-08-31,96.3979263305664,111.6500015258789,111.9000015258789,111.19999694824219,111.87999725341797,1393700
2016-09-01,96.44973754882812,111.70999908447266,111.88999938964844,110.97000122070312,111.7699966430664,1670900
2016-09-02,96.94185638427734,112.27999877929688,112.51000213623047,111.91999816894531,112.19000244140625,1563200
2016-09-06,97.21813201904297,112.5999984741211,112.62000274658203,112.0199966430664,112.45999908447266,4111700
2016-09-07,97.34764862060547,112.75,112.75,112.29000091552734,112.54000091552734,1590000
2016-09-08,97.0972671508789,112.45999908447266,112.66999816894531,112.26000213623047,112.56999969482422,1152400
2016-09-09,94.67975616455078,109.66000366210938,111.7300033569336,109.6500015258789,111.72000122070312,3337400
2016-09-12,96.0007553100586,111.19000244140625,111.4000015258789,109.05000305175781,109.19000244140625,3043500
2016-09-13,94.49895477294922,108.91999816894531,110.01000213623047,108.56999969482422,109.94999694824219,5122100
2016-09-14,94.50763702392578,108.93000030517578,109.70999908447266,108.61000061035156,109.05000305175781,2041600
2016-09-15,95.4793472290039,110.05000305175781,110.25,108.73999786376953,108.86000061035156,2960400
2016-09-16,95.09759521484375,109.61000061035156,109.7699966430664,109.22000122070312,109.75,2779400
2016-09-19,95.23640441894531,109.7699966430664,110.5,109.5199966430664,110.19000244140625,3430200
2016-09-20,95.19302368164062,109.72000122070312,110.33000183105469,109.69000244140625,110.29000091552734,1603400
2016-09-21,96.28621673583984,110.9800033569336,111.08000183105469,109.70999908447266,110.11000061035156,1971800
2016-09-22,96.98894500732422,111.79000091552734,111.91999816894531,111.52999877929688,111.62999725341797,1525300
2016-09-23,96.43370056152344,111.1500015258789,111.68000030517578,111.11000061035156,111.58999633789062,1531900
2016-09-26,95.67019653320312,110.2699966430664,110.87000274658203,110.20999908447266,110.63999938964844,2136700
2016-09-27,96.21680450439453,110.9000015258789,110.94999694824219,109.98999786376953,110.2300033569336,1292400
2016-09-28,96.78072357177734,111.55000305175781,111.5999984741211,110.45999908447266,111.05999755859375,1439800
2016-09-29,95.83505249023438,110.45999908447266,111.62000274658203,110.16999816894531,111.4800033569336,2037100
2016-09-30,96.58985900878906,111.33000183105469,111.70999908447266,110.75,110.97000122070312,1722500
2016-10-03,96.29487609863281,110.98999786376953,111.2300033569336,110.62999725341797,111.08999633789062,2207600
2016-10-04,95.86106872558594,110.48999786376953,111.22000122070312,110.0999984741211,111.12000274658203,2701100
2016-10-05,96.2341537475586,110.91999816894531,111.22000122070312,110.58999633789062,110.77999877929688,2119000
2016-10-06,96.26885223388672,110.95999908447266,111.08999633789062,110.38999938964844,110.75,1067600
2016-10-07,95.90445709228516,110.54000091552734,111.2300033569336,110.05999755859375,111.1500015258789,1770400
2016-10-10,96.42500305175781,111.13999938964844,111.44000244140625,110.54000091552734,110.54000091552734,1135000
2016-10-11,95.1409683227539,109.66000366210938,110.94999694824219,109.23999786376953,110.94000244140625,1996900
2016-10-12,95.25375366210938,109.79000091552734,110.12999725341797,109.45999908447266,109.77999877929688,1849100
2016-10-13,94.91541290283203,109.4000015258789,109.72000122070312,108.4800033569336,109.01000213623047,1986200
2016-10-14,94.88938903808594,109.37000274658203,110.31999969482422,109.36000061035156,110.0,2673900
2016-10-17,94.62041473388672,109.05999755859375,109.54000091552734,108.94000244140625,109.37999725341797,2507700
2016-10-18,95.1756820678711,109.69999694824219,110.02999877929688,109.5,109.91999816894531,1635200
2016-10-19,95.4793472290039,110.05000305175781,110.25,109.62000274658203,109.94000244140625,1408200
2016-10-20,95.29715728759766,109.83999633789062,110.16999816894531,109.41999816894531,109.9000015258789,2017000
2016-10-21,95.2624282836914,109.80000305175781,109.9000015258789,109.19999694824219,109.41000366210938,1234400
2016-10-24,95.73959350585938,110.3499984741211,110.5999984741211,110.12999725341797,110.38999938964844,2004700
2016-10-25,95.33185577392578,109.87999725341797,110.33000183105469,109.79000091552734,110.25,2079100
2016-10-26,95.04554748535156,109.55000305175781,109.97000122070312,109.26000213623047,109.47000122070312,1827200
2016-10-27,94.72452545166016,109.18000030517578,110.0,109.08000183105469,110.0,1597800
2016-10-28,94.41218566894531,108.81999969482422,109.55999755859375,108.47000122070312,109.11000061035156,2868100
2016-10-31,94.47293853759766,108.88999938964844,109.20999908447266,108.80999755859375,109.05000305175781,1913600
2016-11-01,93.77017974853516,108.08000183105469,109.19000244140625,107.38999938964844,109.0999984741211,3169800
2016-11-02,93.11944580078125,107.33000183105469,108.08000183105469,107.11000061035156,107.87000274658203,2957400
2016-11-03,92.7116928100586,106.86000061035156,107.62999725341797,106.70999908447266,107.41999816894531,2096400
2016-11-04,92.65096282958984,106.79000091552734,107.51000213623047,106.69000244140625,106.88999938964844,2805400
2016-11-07,94.69847869873047,109.1500015258789,109.16999816894531,108.20999908447266,108.41000366210938,2527700
2016-11-08,95.10627746582031,109.62000274658203,109.98999786376953,108.7300033569336,109.01000213623047,2074200
2016-11-09,96.28621673583984,110.9800033569336,111.33000183105469,108.5,108.7699966430664,6482000
2016-11-10,96.62455749511719,111.37000274658203,112.12999725341797,110.4800033569336,111.58999633789062,5083500
2016-11-11,96.6592788696289,111.41000366210938,111.51000213623047,110.69000244140625,111.0,4005200
2016-11-14,96.91088104248047,111.69999694824219,112.05000305175781,111.29000091552734,111.77999877929688,5234000
2016-11-15,97.6656723022461,112.56999969482422,112.5999984741211,111.76000213623047,112.04000091552734,6037200
2016-11-16,97.5268783569336,112.41000366210938,112.52999877929688,112.13999938964844,112.37000274658203,7113900
2016-11-17,98.02141571044922,112.9800033569336,113.04000091552734,112.3499984741211,112.52999877929688,1874800
2016-11-18,97.83920288085938,112.7699966430664,113.12000274658203,112.66999816894531,113.05000305175781,2298200
2016-11-21,98.57666778564453,113.62000274658203,113.62999725341797,112.87000274658203,113.12000274658203,2493900
2016-11-22,98.86296844482422,113.94999694824219,114.04000091552734,113.44000244140625,113.87999725341797,2673200
2016-11-23,99.00177764892578,114.11000061035156,114.12000274658203,113.48999786376953,113.72000122070312,1818700
2016-11-25,99.38352966308594,114.55000305175781,114.55000305175781,114.20999908447266,114.3499984741211,889800
2016-11-28,98.8109130859375,113.88999938964844,114.41000366210938,113.80000305175781,114.31999969482422,1849800
2016-11-29,98.94972229003906,114.05000305175781,114.3499984741211,113.68000030517578,113.9000015258789,1544200
2016-11-30,98.7154541015625,113.77999877929688,114.55000305175781,113.77999877929688,114.47000122070312,4406200
2016-12-01,98.30770874023438,113.30999755859375,114.02999877929688,113.06999969482422,114.02999877929688,2601100
2016-12-02,98.30770874023438,113.30999755859375,113.66999816894531,113.1500015258789,113.33999633789062,1755900
2016-12-05,98.99311065673828,114.0999984741211,114.37000274658203,113.7699966430664,113.9000015258789,3842900
2016-12-06,99.49632263183594,114.68000030517578,114.70999908447266,114.0199966430664,114.33999633789062,2357100
2016-12-07,100.72830200195312,116.0999984741211,116.19000244140625,114.51000213623047,114.62999725341797,4000000
2016-12-08,101.09268951416016,116.5199966430664,116.8499984741211,115.97000122070312,116.18000030517578,2679400
2016-12-09,101.63929748535156,117.1500015258789,117.1500015258789,116.62000274658203,116.7699966430664,2310200
2016-12-12,101.37902069091797,116.8499984741211,117.3499984741211,116.58999633789062,117.12000274658203,4224500
2016-12-13,101.96897888183594,117.52999877929688,117.79000091552734,117.12999725341797,117.30000305175781,4393900
2016-12-14,101.0493392944336,116.47000122070312,117.7300033569336,116.2300033569336,117.4800033569336,3885400
2016-12-15,101.46576690673828,116.94999694824219,117.52999877929688,116.5,116.55999755859375,3343100
2016-12-16,101.30960083007812,116.7699966430664,117.37999725341797,116.58999633789062,117.2699966430664,1991600
2016-12-19,101.5959243774414,117.0999984741211,117.31999969482422,116.80000305175781,116.95999908447266,2405700
2016-12-20,102.02979278564453,116.87000274658203,116.93000030517578,116.5999984741211,116.87999725341797,2942400
2016-12-21,101.74171447753906,116.54000091552734,116.91999816894531,116.54000091552734,116.87000274658203,2248600
2016-12-22,101.47980499267578,116.23999786376953,116.51000213623047,115.9800033569336,116.41999816894531,3105800
2016-12-23,101.6369400024414,116.41999816894531,116.41999816894531,116.12999725341797,116.2300033569336,2325800
2016-12-27,101.89012145996094,116.70999908447266,116.98999786376953,116.5,116.56999969482422,3386800
2016-12-28,101.04328918457031,115.73999786376953,116.93000030517578,115.66000366210938,116.87999725341797,2591000
2016-12-29,101.05200958251953,115.75,116.02999877929688,115.47000122070312,115.73999786376953,1622700
2016-12-30,100.67662048339844,115.31999969482422,116.0,114.95999908447266,116.0,2909900
2017-01-03,101.44487762451172,116.19999694824219,116.55000305175781,115.48999786376953,116.1500015258789,2731600
2017-01-04,102.22186279296875,117.08999633789062,117.19000244140625,116.41999816894531,116.47000122070312,3228700
2017-01-05,102.02108001708984,116.86000061035156,117.08999633789062,116.4000015258789,116.94999694824219,2604000
2017-01-06,102.34410095214844,117.2300033569336,117.5199966430664,116.63999938964844,117.0199966430664,2317600
2017-01-09,101.95121765136719,116.77999877929688,117.13999938964844,116.73999786376953,117.0999984741211,2461400
2017-01-10,102.02979278564453,116.87000274658203,117.36000061035156,116.62000274658203,116.76000213623047,2055300
2017-01-11,102.35283660888672,117.23999786376953,117.23999786376953,116.48999786376953,116.91000366210938,2751800
2017-01-12,102.08218383789062,116.93000030517578,117.04000091552734,116.01000213623047,117.04000091552734,2342300
2017-01-13,102.33537292480469,117.22000122070312,117.4000015258789,116.9800033569336,116.98999786376953,2031800
2017-01-17,101.88140106201172,116.69999694824219,117.05999755859375,116.47000122070312,116.86000061035156,2583600
2017-01-18,102.11711883544922,116.97000122070312,117.0,116.4800033569336,116.80000305175781,1901700
2017-01-19,101.71552276611328,116.51000213623047,117.13999938964844,116.23999786376953,117.02999877929688,1899300
2017-01-20,102.0647201538086,116.91000366210938,117.2300033569336,116.58999633789062,116.83999633789062,2636100
2017-01-23,101.7940902709961,116.5999984741211,116.97000122070312,116.16999816894531,116.75,1938900
2017-01-24,102.58854675292969,117.51000213623047,117.73999786376953,116.73999786376953,116.81999969482422,2165400
2017-01-25,103.47028350830078,118.5199966430664,118.55999755859375,117.94000244140625,118.0199966430664,2427800
2017-01-26,103.3218765258789,118.3499984741211,118.62000274658203,118.2300033569336,118.55999755859375,2178500
2017-01-27,103.156005859375,118.16000366210938,118.4800033569336,118.0199966430664,118.44999694824219,1479500
2017-01-30,102.45758056640625,117.36000061035156,117.80000305175781,116.68000030517578,117.7300033569336,3006100
2017-01-31,102.54489135742188,117.45999908447266,117.45999908447266,116.7300033569336,117.0,3309700
2017-02-01,102.53616333007812,117.44999694824219,118.04000091552734,117.06999969482422,117.86000061035156,2614500
2017-02-02,102.60600280761719,117.52999877929688,117.72000122070312,117.0199966430664,117.20999908447266,1745200
2017-02-03,103.38298034667969,118.41999816894531,118.5199966430664,117.91999816894531,117.98999786376953,1837600
2017-02-06,103.1385269165039,118.13999938964844,118.41000366210938,117.94000244140625,118.26000213623047,1598800
2017-02-07,103.12982177734375,118.12999725341797,118.52999877929688,117.95999908447266,118.43000030517578,3365700
2017-02-08,103.24329376220703,118.26000213623047,118.31999969482422,117.69000244140625,118.12999725341797,1836000
2017-02-09,103.92424774169922,119.04000091552734,119.20999908447266,118.26000213623047,118.26000213623047,1635300
2017-02-10,104.36077117919922,119.54000091552734,119.69999694824219,119.20999908447266,119.29000091552734,1837800
2017-02-13,104.88459014892578,120.13999938964844,120.33000183105469,119.87000274658203,119.91999816894531,1985500
2017-02-14,105.26871490478516,120.58000183105469,120.62999725341797,119.8499984741211,120.0999984741211,2051200
2017-02-15,105.84491729736328,121.23999786376953,121.3499984741211,120.44999694824219,120.56999969482422,1998200
2017-02-16,105.74888610839844,121.12999725341797,121.37000274658203,120.63999938964844,121.25,2034600
2017-02-17,105.90599822998047,121.30999755859375,121.30999755859375,120.66000366210938,120.66000366210938,1948400
2017-02-21,106.53459167480469,122.02999877929688,122.12999725341797,121.38999938964844,121.55000305175781,2422800
2017-02-22,106.39490509033203,121.87000274658203,122.02999877929688,121.68000030517578,121.81999969482422,1974000
2017-02-23,106.31632995605469,121.77999877929688,122.2300033569336,121.31999969482422,122.20999908447266,2024900
2017-02-24,106.49095916748047,121.9800033569336,121.98999786376953,121.23999786376953,121.37999725341797,2962900
2017-02-27,106.72663879394531,122.25,122.36000061035156,121.73999786376953,121.91999816894531,2625100
2017-02-28,106.33377075195312,121.80000305175781,122.18000030517578,121.61000061035156,122.18000030517578,2231800
2017-03-01,107.76553344726562,123.44000244140625,123.7300033569336,122.6500015258789,122.80999755859375,2874400
2017-03-02,107.07585906982422,122.6500015258789,123.41999816894531,122.61000061035156,123.41999816894531,2421400
2017-03-03,107.16316986083984,122.75,122.80000305175781,122.33000183105469,122.62999725341797,1651200
2017-03-06,106.74412536621094,122.2699966430664,122.4800033569336,121.9000015258789,122.4800033569336,1716200
2017-03-07,106.40362548828125,121.87999725341797,122.29000091552734,121.75,122.20999908447266,1612500
2017-03-08,106.1068115234375,121.54000091552734,122.18000030517578,121.47000122070312,121.98999786376953,2374200
2017-03-09,106.15917205810547,121.5999984741211,121.88999938964844,121.0199966430664,121.5999984741211,3852800
2017-03-10,106.5433120727539,122.04000091552734,122.25,121.45999908447266,122.19000244140625,2987300
2017-03-13,106.62187194824219,122.12999725341797,122.16000366210938,121.86000061035156,122.05999755859375,2003900
2017-03-14,106.23777770996094,121.69000244140625,121.87000274658203,121.23999786376953,121.87000274658203,2269500
2017-03-15,107.19808197021484,122.79000091552734,123.04000091552734,121.88999938964844,121.9800033569336,1892200
2017-03-16,107.06712341308594,122.63999938964844,123.0,122.43000030517578,122.95999908447266,2050100
2017-03-17,107.00599670410156,122.56999969482422,122.87999725341797,122.44999694824219,122.83999633789062,1974000
2017-03-20,106.75286102294922,122.27999877929688,122.62000274658203,122.06999969482422,122.51000213623047,3239900
2017-03-21,105.25997924804688,120.56999969482422,122.72000122070312,120.44000244140625,122.69000244140625,3355100
2017-03-22,105.39967346191406,120.7300033569336,120.91000366210938,120.0999984741211,120.4800033569336,2896300
2017-03-23,105.36474609375,120.69000244140625,121.38999938964844,120.47000122070312,120.66000366210938,2257100
2017-03-24,105.3752670288086,120.16000366210938,120.73999786376953,119.66000366210938,120.41999816894531,2305400
2017-03-27,105.25249481201172,120.0199966430664,120.19000244140625,118.88999938964844,119.18000030517578,2927700
2017-03-28,105.98912811279297,120.86000061035156,121.13999938964844,119.77999877929688,119.95999908447266,2699200
2017-03-29,106.18209075927734,121.08000183105469,121.2300033569336,120.58000183105469,120.87999725341797,3196500
2017-03-30,106.5766830444336,121.52999877929688,121.62000274658203,120.98999786376953,121.13999938964844,2076900
2017-03-31,106.39251708984375,121.31999969482422,121.72000122070312,121.26000213623047,121.41999816894531,1815900
2017-04-03,106.12944030761719,121.0199966430664,121.5,120.33000183105469,121.44999694824219,3103100
2017-04-04,106.18209075927734,121.08000183105469,121.11000061035156,120.63999938964844,120.88999938964844,2462600
2017-04-05,105.75233459472656,120.58999633789062,122.0199966430664,120.44000244140625,121.48999786376953,3905800
2017-04-06,106.0855941772461,120.97000122070312,121.26000213623047,120.37999725341797,120.69000244140625,2056100
2017-04-07,106.00667572021484,120.87999725341797,121.29000091552734,120.58999633789062,120.83999633789062,1997000
2017-04-10,106.13819885253906,121.02999877929688,121.51000213623047,120.69999694824219,121.04000091552734,1669500
2017-04-11,106.1031494140625,120.98999786376953,121.0,120.05999755859375,120.87000274658203,2895500
2017-04-12,105.55943298339844,120.37000274658203,120.98999786376953,120.2300033569336,120.87999725341797,1967200
2017-04-13,104.84031677246094,119.55000305175781,120.55999755859375,119.55000305175781,120.1500015258789,2852200
2017-04-17,105.75233459472656,120.58999633789062,120.61000061035156,119.68000030517578,119.87999725341797,3198700
2017-04-18,105.52434539794922,120.33000183105469,120.56999969482422,119.8499984741211,120.19999694824219,1865800
2017-04-19,105.43667602539062,120.2300033569336,120.91999816894531,120.08000183105469,120.72000122070312,1806900
2017-04-20,106.30486297607422,121.22000122070312,121.43000030517578,120.37000274658203,120.58999633789062,1783400
2017-04-21,105.96282958984375,120.83000183105469,121.20999908447266,120.61000061035156,121.20999908447266,2006500
2017-04-24,107.0853271484375,122.11000061035156,122.27999877929688,121.87999725341797,122.16999816894531,2178800
2017-04-25,107.75181579589844,122.87000274658203,123.08999633789062,122.5199966430664,122.55999755859375,2145200
2017-04-26,107.77811431884766,122.9000015258789,123.44999694824219,122.8499984741211,122.9000015258789,3080100
2017-04-27,107.88335418701172,123.0199966430664,123.20999908447266,122.69000244140625,123.12000274658203,1868200
2017-04-28,107.52379608154297,122.61000061035156,123.20999908447266,122.55000305175781,123.16000366210938,1795800
2017-05-01,107.80445861816406,122.93000030517578,123.19000244140625,122.62000274658203,122.93000030517578,1983100
2017-05-02,107.80445861816406,122.93000030517578,123.25,122.69999694824219,123.08999633789062,1756900
2017-05-03,107.54137420654297,122.62999725341797,122.77999877929688,122.27999877929688,122.58999633789062,3691000
2017-05-04,107.62029266357422,122.72000122070312,122.83000183105469,122.16000366210938,122.83000183105469,1564300
2017-05-05,108.15522003173828,123.33000183105469,123.33000183105469,122.68000030517578,122.94999694824219,2057700
2017-05-08,107.9886245727539,123.13999938964844,123.44999694824219,122.9000015258789,123.36000061035156,2150900
2017-05-09,107.95350646972656,123.0999984741211,123.43000030517578,122.8499984741211,123.36000061035156,1846200
2017-05-10,108.19029998779297,123.37000274658203,123.37999725341797,122.93000030517578,123.08999633789062,1468500
2017-05-11,107.87458038330078,123.01000213623047,123.12999725341797,122.33000183105469,123.0199966430664,1499600
2017-05-12,107.66410064697266,122.7699966430664,122.91000366210938,122.5999984741211,122.91000366210938,1235300
2017-05-15,108.242919921875,123.43000030517578,123.58999633789062,123.04000091552734,123.06999969482422,3097000
2017-05-16,108.18151092529297,123.36000061035156,123.6500015258789,123.06999969482422,123.62999725341797,2128400
2017-05-17,106.23468017578125,121.13999938964844,122.55999755859375,121.06999969482422,122.30999755859375,3703500
2017-05-18,106.55036926269531,121.5,122.0199966430664,120.8499984741211,120.94000244140625,2883400
2017-05-19,107.3133544921875,122.37000274658203,122.7699966430664,121.81999969482422,121.91000366210938,2144200
2017-05-22,107.88335418701172,123.0199966430664,123.0999984741211,122.63999938964844,122.66999816894531,1810100
2017-05-23,108.0675277709961,123.2300033569336,123.38999938964844,122.94999694824219,123.25,1796600
2017-05-24,108.38323974609375,123.58999633789062,123.66000366210938,123.2300033569336,123.44000244140625,1552200
2017-05-25,108.83926391601562,124.11000061035156,124.2699966430664,123.79000091552734,123.9000015258789,1492300
2017-05-26,108.82170867919922,124.08999633789062,124.1500015258789,123.93000030517578,124.0,1320800
2017-05-30,108.64630889892578,123.88999938964844,124.05999755859375,123.70999908447266,123.87000274658203,1348300
2017-05-31,108.61123657226562,123.8499984741211,124.08999633789062,123.30999755859375,124.01000213623047,2043800
2017-06-01,109.61975860595703,125.0,125.0,123.95999908447266,124.16999816894531,1926700
2017-06-02,109.97930908203125,125.41000366210938,125.58000183105469,124.87000274658203,125.08999633789062,2839300
2017-06-05,109.83895874023438,125.25,125.5,125.22000122070312,125.41999816894531,1494200
2017-06-06,109.55836486816406,124.93000030517578,125.29000091552734,124.77999877929688,124.95999908447266,2985200
2017-06-07,109.6811294555664,125.06999969482422,125.23999786376953,124.68000030517578,125.12000274658203,1253300
2017-06-08,109.87406158447266,125.29000091552734,125.52999877929688,124.87999725341797,125.12000274658203,1826700
2017-06-09,109.7863998413086,125.19000244140625,126.0199966430664,124.44999694824219,125.4800033569336,2585600
2017-06-12,109.76879119873047,125.16999816894531,125.19999694824219,124.62999725341797,125.05999755859375,1973500
2017-06-13,110.31253814697266,125.79000091552734,125.83999633789062,125.31999969482422,125.5199966430664,1567400
2017-06-14,110.15470123291016,125.61000061035156,126.0199966430664,125.0999984741211,126.0,2584300
2017-06-15,109.90914154052734,125.33000183105469,125.3499984741211,124.62999725341797,124.7699966430664,2483500
2017-06-16,109.83895874023438,125.25,125.52999877929688,124.73999786376953,125.41999816894531,2018000
2017-06-19,110.73346710205078,126.2699966430664,126.3499984741211,125.66999816894531,125.66999816894531,1816100
2017-06-20,109.97930908203125,125.41000366210938,126.16999816894531,125.4000015258789,126.16000366210938,1359500
2017-06-21,109.85154724121094,124.69000244140625,125.19999694824219,124.51000213623047,125.11000061035156,3364600
2017-06-22,109.89559173583984,124.73999786376953,125.08000183105469,124.58999633789062,124.77999877929688,1639300
2017-06-23,110.16870880126953,125.05000305175781,125.19000244140625,124.58000183105469,124.80999755859375,1829300
2017-06-26,110.24800109863281,125.13999938964844,125.69000244140625,124.94999694824219,125.44999694824219,2605600
2017-06-27,109.340576171875,124.11000061035156,125.2300033569336,124.0999984741211,125.08999633789062,2386300
2017-06-28,110.371337890625,125.27999877929688,125.41000366210938,124.58999633789062,124.7699966430664,2444400
2017-06-29,109.4903335571289,124.27999877929688,125.4800033569336,123.4800033569336,125.45999908447266,2354500
2017-06-30,109.64012908935547,124.44999694824219,124.9000015258789,124.30000305175781,124.76000213623047,1910000
2017-07-03,109.90440368652344,124.75,125.30000305175781,124.75,124.98999786376953,1645700
2017-07-05,110.02776336669922,124.88999938964844,125.0199966430664,124.38999938964844,124.9800033569336,2167500
2017-07-06,108.94412994384766,123.66000366210938,124.55000305175781,123.55999755859375,124.44000244140625,1881800
2017-07-07,109.70177459716797,124.5199966430664,124.62000274658203,123.9000015258789,123.95999908447266,1709700
2017-07-10,109.78105926513672,124.61000061035156,124.83000183105469,124.36000061035156,124.5,1404700
2017-07-11,109.75465393066406,124.58000183105469,124.7300033569336,123.83000183105469,124.52999877929688,1560200
2017-07-12,110.53873443603516,125.47000122070312,125.62999725341797,125.0999984741211,125.19999694824219,1993100
2017-07-13,110.71492004394531,125.66999816894531,125.76000213623047,125.30999755859375,125.55999755859375,1514100
2017-07-14,111.20828247070312,126.2300033569336,126.5,125.6500015258789,125.7699966430664,1410900
2017-07-17,111.20828247070312,126.2300033569336,126.44999694824219,126.12000274658203,126.27999877929688,1798400
2017-07-18,111.27876281738281,126.30999755859375,126.33000183105469,125.77999877929688,126.11000061035156,2010000
2017-07-19,111.9218978881836,127.04000091552734,127.05000305175781,126.51000213623047,126.51000213623047,1276400
2017-07-20,111.99239349365234,127.12000274658203,127.27999877929688,126.80000305175781,127.27999877929688,1463800
2017-07-21,111.84259033203125,126.94999694824219,126.98999786376953,126.63999938964844,126.80999755859375,1819500
2017-07-24,111.8514175415039,126.95999908447266,127.05999755859375,126.69000244140625,126.91000366210938,4897700
2017-07-25,112.22142791748047,127.37999725341797,127.56999969482422,127.19999694824219,127.51000213623047,1709400
2017-07-26,112.14212036132812,127.29000091552734,127.5999984741211,127.16999816894531,127.55000305175781,1624400
2017-07-27,111.94832611083984,127.06999969482422,127.58000183105469,126.30999755859375,127.58000183105469,1707800
2017-07-28,111.7633056640625,126.86000061035156,126.95999908447266,126.54000091552734,126.77999877929688,1651800
2017-07-31,111.7016372680664,126.79000091552734,127.18000030517578,126.62000274658203,127.11000061035156,1496600
2017-08-01,111.93070983886719,127.05000305175781,127.20999908447266,126.80000305175781,127.18000030517578,1790600
2017-08-02,111.82498931884766,126.93000030517578,127.13999938964844,126.37000274658203,127.13999938964844,2929400
2017-08-03,111.56950378417969,126.63999938964844,126.91000366210938,126.5199966430664,126.9000015258789,2582500
2017-08-04,111.80734252929688,126.91000366210938,127.06999969482422,126.69999694824219,127.0,972400
2017-08-07,112.0276107788086,127.16000366210938,127.18000030517578,126.87999725341797,127.05999755859375,1114700
2017-08-08,111.7192611694336,126.80999755859375,127.72000122070312,126.61000061035156,127.05000305175781,1360300
2017-08-09,111.59590911865234,126.66999816894531,126.69000244140625,126.16999816894531,126.3499984741211,1679900
2017-08-10,109.9572525024414,124.80999755859375,126.20999908447266,124.80000305175781,126.13999938964844,2455300
2017-08-11,110.15990447998047,125.04000091552734,125.33000183105469,124.80000305175781,124.94000244140625,2039100
2017-08-14,111.2875747680664,126.31999969482422,126.43000030517578,125.61000061035156,125.80000305175781,1467400
2017-08-15,111.18185424804688,126.19999694824219,126.62999725341797,126.08000183105469,126.61000061035156,1523000
2017-08-16,111.38448333740234,126.43000030517578,126.80000305175781,126.2300033569336,126.5,1379800
2017-08-17,109.6136703491211,124.41999816894531,126.29000091552734,124.41999816894531,126.08999633789062,3440500
2017-08-18,109.42866516113281,124.20999908447266,124.94000244140625,123.94999694824219,124.4800033569336,2836500
2017-08-21,109.5872573852539,124.38999938964844,124.4800033569336,123.79000091552734,124.22000122070312,1627300
2017-08-22,110.68849182128906,125.63999938964844,125.75,124.55999755859375,124.7300033569336,2089500
2017-08-23,110.3537368774414,125.26000213623047,125.51000213623047,125.0199966430664,125.06999969482422,1268800
2017-08-24,110.17749786376953,125.05999755859375,125.62999725341797,124.94000244140625,125.5,1381700
2017-08-25,110.44181060791016,125.36000061035156,125.8499984741211,125.23999786376953,125.41999816894531,1158200
2017-08-28,110.48587036132812,125.41000366210938,125.66000366210938,125.11000061035156,125.66000366210938,1787900
2017-08-29,110.52992248535156,125.45999908447266,125.62000274658203,124.5199966430664,124.58999633789062,1312300
2017-08-30,111.11139678955078,126.12000274658203,126.27999877929688,125.37999725341797,125.45999908447266,1730600
2017-08-31,111.8690414428711,126.9800033569336,127.13999938964844,126.45999908447266,126.45999908447266,3384400
2017-09-01,112.12451934814453,127.2699966430664,127.45999908447266,127.12000274658203,127.2300033569336,2122600
2017-09-05,111.26114654541016,126.29000091552734,127.0999984741211,125.69000244140625,126.91999816894531,2319000
2017-09-06,111.56950378417969,126.63999938964844,126.86000061035156,126.31999969482422,126.69000244140625,1449900
2017-09-07,111.5166244506836,126.58000183105469,126.95999908447266,126.31999969482422,126.95999908447266,1218600
2017-09-08,111.43734741210938,126.48999786376953,126.73999786376953,126.2699966430664,126.3499984741211,1206100
2017-09-11,112.63548278808594,127.8499984741211,127.91000366210938,127.1500015258789,127.1500015258789,1346500
2017-09-12,113.0671615600586,128.33999633789062,128.33999633789062,128.0,128.0399932861328,2264200
2017-09-13,113.12004089355469,128.39999389648438,128.41000366210938,128.1199951171875,128.22999572753906,1692500
2017-09-14,113.08480072021484,128.36000061035156,128.47999572753906,128.07000732421875,128.22999572753906,1493200
2017-09-15,113.2962646484375,128.60000610351562,128.6199951171875,128.1999969482422,128.30999755859375,1531300
2017-09-18,113.5693588256836,128.91000366210938,129.10000610351562,128.69000244140625,128.85000610351562,1792300
2017-09-19,113.6222152709961,128.97000122070312,129.10000610351562,128.85000610351562,129.05999755859375,1241700
2017-09-20,113.80722045898438,129.17999267578125,129.2100067138672,128.60000610351562,129.10000610351562,1729200
2017-09-21,113.49006652832031,128.82000732421875,129.1300048828125,128.72000122070312,129.1199951171875,1730600
2017-09-22,113.5811996459961,128.3699951171875,128.44000244140625,127.98999786376953,128.13999938964844,1601600
2017-09-25,113.3953857421875,128.16000366210938,128.42999267578125,127.69000244140625,128.24000549316406,2186000
2017-09-26,113.42194366455078,128.19000244140625,128.50999450683594,128.11000061035156,128.35000610351562,1851500
2017-09-27,114.0412826538086,128.88999938964844,129.10000610351562,128.1699981689453,128.83999633789062,2374400
2017-09-28,114.22710418701172,129.10000610351562,129.1300048828125,128.66000366210938,128.82000732421875,1484800
2017-09-29,114.59873962402344,129.52000427246094,129.55999755859375,129.00999450683594,129.02000427246094,1720600
2017-10-02,115.20037078857422,130.1999969482422,130.1999969482422,129.5500030517578,129.63999938964844,2678000
2017-10-03,115.43042755126953,130.4600067138672,130.5,130.1300048828125,130.30999755859375,1825100
2017-10-04,115.54544067382812,130.58999633789062,130.77999877929688,130.3000030517578,130.4499969482422,1495700
2017-10-05,116.15592956542969,131.27999877929688,131.33999633789062,130.72000122070312,130.72999572753906,2387200
2017-10-06,116.07632446289062,131.19000244140625,131.22999572753906,130.91000366210938,131.05999755859375,1635000
2017-10-09,115.84624481201172,130.92999267578125,131.36000061035156,130.75999450683594,131.3000030517578,1012100
2017-10-10,116.12056732177734,131.24000549316406,131.47999572753906,130.94000244140625,131.25,2915300
2017-10-11,116.27982330322266,131.4199981689453,131.42999267578125,131.10000610351562,131.24000549316406,2012700
2017-10-12,116.13824462890625,131.25999450683594,131.4499969482422,131.1199951171875,131.16000366210938,2171200
2017-10-13,116.22674560546875,131.36000061035156,131.58999633789062,131.27999877929688,131.5500030517578,1543900
2017-10-16,116.30635070800781,131.4499969482422,131.64999389648438,131.27000427246094,131.5,1789500
2017-10-17,116.3594741821289,131.50999450683594,131.57000732421875,131.33999633789062,131.5,1340600
2017-10-18,116.50985717773438,131.67999267578125,131.8300018310547,131.57000732421875,131.8000030517578,1470900
2017-10-19,116.53641510009766,131.7100067138672,131.7100067138672,130.94000244140625,131.25,1942600
2017-10-20,117.16461181640625,132.4199981689453,132.4499969482422,132.07000732421875,132.07000732421875,1751000
2017-10-23,116.66913604736328,131.86000061035156,132.67999267578125,131.7899932861328,132.6300048828125,1755700
2017-10-24,116.87262725830078,132.08999633789062,132.22999572753906,131.88999938964844,132.16000366210938,1574400
2017-10-25,116.2621078491211,131.39999389648438,131.9499969482422,130.69000244140625,131.91000366210938,2186500
2017-10-26,116.41255950927734,131.57000732421875,132.00999450683594,131.49000549316406,131.72000122070312,5396300
2017-10-27,117.3592758178711,132.63999938964844,132.6699981689453,131.75999450683594,131.94000244140625,2672600
2017-10-30,116.84608459472656,132.05999755859375,132.5399932861328,131.89999389648438,131.94000244140625,1688900
2017-10-31,117.08497619628906,132.3300018310547,132.5,132.1199951171875,132.27000427246094,2378300
2017-11-01,117.18233489990234,132.44000244140625,133.02999877929688,132.1699981689453,132.8300018310547,2275500
2017-11-02,117.2088394165039,132.47000122070312,132.52999877929688,131.82000732421875,132.33999633789062,5097200
2017-11-03,117.51854705810547,132.82000732421875,132.88999938964844,132.27999877929688,132.5399932861328,2677400
2017-11-06,117.73973083496094,133.07000732421875,133.1699981689453,132.75,132.77000427246094,2017700
2017-11-07,117.53620147705078,132.83999633789062,133.3300018310547,132.52999877929688,133.16000366210938,2527400
2017-11-08,117.73087310791016,133.05999755859375,133.1199951171875,132.5500030517578,132.72999572753906,1267700
2017-11-09,117.25309753417969,132.52000427246094,132.74000549316406,131.6199951171875,132.3800048828125,4320300
2017-11-10,117.27079010009766,132.5399932861328,132.6300048828125,132.1699981689453,132.24000549316406,2042100
2017-11-13,117.33274841308594,132.61000061035156,132.75,132.0800018310547,132.11000061035156,1876000
2017-11-14,117.12039184570312,132.3699951171875,132.4199981689453,131.7899932861328,132.22000122070312,3776500
2017-11-15,116.51873779296875,131.69000244140625,132.0800018310547,131.2100067138672,131.7899932861328,1772400
2017-11-16,117.58049774169922,132.88999938964844,133.10000610351562,132.11000061035156,132.11000061035156,1730600
2017-11-17,117.3592758178711,132.63999938964844,132.91000366210938,132.61000061035156,132.63999938964844,4850200
2017-11-20,117.66010284423828,132.97999572753906,133.0500030517578,132.67999267578125,132.82000732421875,1805700
2017-11-21,118.47410583496094,133.89999389648438,133.94000244140625,133.4199981689453,133.44000244140625,1956900
2017-11-22,118.38565063476562,133.8000030517578,134.0,133.69000244140625,133.94000244140625,1295600
2017-11-24,118.65995025634766,134.11000061035156,134.1300048828125,133.97999572753906,134.0800018310547,670500
2017-11-27,118.53606414794922,133.97000122070312,134.2899932861328,133.8699951171875,134.1199951171875,1754300
2017-11-28,119.71283721923828,135.3000030517578,135.36000061035156,134.13999938964844,134.25,2922900
2017-11-29,119.71283721923828,135.3000030517578,135.7899932861328,135.02000427246094,135.4600067138672,2066300
2017-11-30,120.63299560546875,136.33999633789062,136.9199981689453,135.77999877929688,135.8800048828125,2854400
2017-12-01,120.39413452148438,136.07000732421875,136.5,134.0399932861328,136.27999877929688,3585700
2017-12-04,120.23485565185547,135.88999938964844,137.3800048828125,135.8800048828125,137.0399932861328,3119400
2017-12-05,119.72166442871094,135.30999755859375,136.3300018310547,135.22999572753906,136.08999633789062,2583300
2017-12-06,119.6509017944336,135.22999572753906,135.4600067138672,135.0,135.33999633789062,2835600
2017-12-07,120.12869262695312,135.77000427246094,135.94000244140625,135.0800018310547,135.13999938964844,1537600
2017-12-08,120.75685119628906,136.47999572753906,136.52000427246094,136.07000732421875,136.3699951171875,1502600
2017-12-11,121.04003143310547,136.8000030517578,136.8300018310547,136.47999572753906,136.5,1934300
2017-12-12,121.17274475097656,136.9499969482422,137.25,136.80999755859375,136.97999572753906,1517200
2017-12-13,121.19044494628906,136.97000122070312,137.42999267578125,136.91000366210938,137.02999877929688,1858800
2017-12-14,120.62415313720703,136.3300018310547,137.24000549316406,136.27000427246094,137.22000122070312,1856100
2017-12-15,121.70362854003906,137.5500030517578,137.8300018310547,136.8699951171875,136.9499969482422,2293000
2017-12-18,122.54419708251953,138.5,138.67999267578125,138.25999450683594,138.25999450683594,2696300
2017-12-19,122.0487289428711,137.94000244140625,138.72000122070312,137.89999389648438,138.72000122070312,3642100
2017-12-20,122.03983306884766,137.92999267578125,138.5500030517578,137.67999267578125,138.5,2522200
2017-12-21,122.3181381225586,137.57000732421875,137.92999267578125,137.38999938964844,137.6199951171875,2111200
2017-12-22,122.27369689941406,137.52000427246094,137.86000061035156,137.19000244140625,137.63999938964844,1926000
2017-12-26,122.1758804321289,137.41000366210938,137.52000427246094,137.2899932861328,137.33999633789062,2051300
2017-12-27,122.22035217285156,137.4600067138672,137.72000122070312,137.33999633789062,137.5800018310547,2242400
2017-12-28,122.48709106445312,137.75999450683594,137.80999755859375,137.50999450683594,137.7899932861328,2936500
2017-12-29,122.03360748291016,137.25,138.10000610351562,137.14999389648438,138.0800018310547,2256500
2018-01-02,122.89605712890625,138.22000122070312,138.22999572753906,137.44000244140625,137.75,3699700
2018-01-03,123.60736083984375,139.02000427246094,139.10000610351562,138.3000030517578,138.38999938964844,3052300
2018-01-04,124.07862091064453,139.5500030517578,139.80999755859375,139.35000610351562,139.4199981689453,2572400
2018-01-05,124.80770874023438,140.3699951171875,140.44000244140625,139.72000122070312,140.02000427246094,2188500
2018-01-08,125.09227752685547,140.69000244140625,140.77000427246094,140.10000610351562,140.30999755859375,2655300
2018-01-09,125.32342529296875,140.9499969482422,141.30999755859375,140.7100067138672,140.9199981689453,2625200
2018-01-10,125.12782287597656,140.72999572753906,140.85000610351562,140.07000732421875,140.57000732421875,2014900
2018-01-11,126.18587493896484,141.9199981689453,141.9199981689453,140.97000122070312,141.0,2188000
2018-01-12,126.92385864257812,142.75,142.85000610351562,142.0,142.0800018310547,2661800
2018-01-16,126.36369323730469,142.1199951171875,143.82000732421875,141.7100067138672,143.52999877929688,3973400
2018-01-17,127.52848052978516,143.42999267578125,143.63999938964844,142.25,142.72000122070312,2756400
2018-01-18,127.30614471435547,143.17999267578125,143.5800018310547,142.89999389648438,143.4199981689453,2705800
2018-01-19,127.96412658691406,143.9199981689453,143.92999267578125,143.19000244140625,143.49000549316406,2119000
2018-01-22,128.97776794433594,145.05999755859375,145.05999755859375,143.83999633789062,143.83999633789062,2849900
2018-01-23,129.2978515625,145.4199981689453,145.57000732421875,144.9199981689453,145.10000610351562,2261300
2018-01-24,129.17335510253906,145.27999877929688,146.11000061035156,144.6300048828125,145.85000610351562,3409300
2018-01-25,129.2266845703125,145.33999633789062,145.83999633789062,144.8699951171875,145.83999633789062,4234600
2018-01-26,130.57821655273438,146.86000061035156,146.8699951171875,145.6300048828125,145.82000732421875,1995900
2018-01-29,129.72462463378906,145.89999389648438,146.82000732421875,145.82000732421875,146.5800018310547,2688200
2018-01-30,128.37315368652344,144.3800048828125,145.14999389648438,144.14999389648438,144.74000549316406,4898200
2018-01-31,128.4176025390625,144.42999267578125,145.24000549316406,143.7899932861328,144.94000244140625,4670200
2018-02-01,128.3642578125,144.3699951171875,145.02000427246094,143.83999633789062,143.97999572753906,2924800
2018-02-02,125.6346206665039,141.3000030517578,143.67999267578125,141.24000549316406,143.50999450683594,5323600
2018-02-05,120.69103240966797,135.74000549316406,141.39999389648438,135.14999389648438,140.2100067138672,10357400
2018-02-06,122.6649169921875,137.9600067138672,138.24000549316406,132.5,133.25999450683594,10791200
2018-02-07,122.1225814819336,137.35000610351562,139.55999755859375,137.35000610351562,137.8300018310547,6176300
2018-02-08,117.73021697998047,132.41000366210938,137.8000030517578,132.35000610351562,137.52999877929688,7683300
2018-02-09,119.3484115600586,134.22999572753906,135.2100067138672,129.83999633789062,133.89999389648438,9474000
2018-02-12,120.94001007080078,136.02000427246094,136.85000610351562,134.22999572753906,135.35000610351562,4251900
2018-02-13,121.32227325439453,136.4499969482422,136.6999969482422,135.00999450683594,135.33999633789062,2973000
2018-02-14,123.02058410644531,138.36000061035156,138.5500030517578,135.57000732421875,135.6199951171875,3076800
2018-02-15,124.52315521240234,140.0500030517578,140.0500030517578,137.9499969482422,139.3300018310547,2853000
2018-02-16,124.57649993896484,140.11000061035156,141.22999572753906,139.6699981689453,139.67999267578125,2813100
2018-02-20,123.82968139648438,139.27000427246094,140.44000244140625,138.82000732421875,139.55999755859375,2490000
2018-02-21,123.2517318725586,138.6199951171875,140.9600067138672,138.61000061035156,139.4499969482422,2182200
2018-02-22,123.33177185058594,138.7100067138672,140.08999633789062,138.3800048828125,139.19000244140625,2111700
2018-02-23,125.24339294433594,140.86000061035156,140.86000061035156,139.13999938964844,139.4499969482422,1439500
2018-02-26,126.55925750732422,142.33999633789062,142.41000366210938,141.0399932861328,141.5,1765700
2018-02-27,124.96778869628906,140.5500030517578,142.86000061035156,140.5500030517578,142.41000366210938,2305100
2018-02-28,123.589599609375,139.0,141.39999389648438,138.97000122070312,141.17999267578125,2290500
2018-03-01,122.1225814819336,137.35000610351562,139.8800048828125,136.39999389648438,139.07000732421875,4846700
2018-03-02,122.91385650634766,138.24000549316406,138.50999450683594,135.8300018310547,136.27999877929688,3021300
2018-03-05,124.30089569091797,139.8000030517578,140.14999389648438,137.5,137.5500030517578,2916600
2018-03-06,124.75438690185547,140.30999755859375,140.61000061035156,139.32000732421875,140.36000061035156,2788000
2018-03-07,124.86104583740234,140.42999267578125,140.61000061035156,138.97000122070312,139.0500030517578,2569100
2018-03-08,125.33232879638672,140.9600067138672,141.02999877929688,140.11000061035156,140.8300018310547,2307500
2018-03-09,127.41289520263672,143.3000030517578,143.3000030517578,141.5500030517578,141.7899932861328,2325100
2018-03-12,127.34176635742188,143.22000122070312,143.85000610351562,142.9600067138672,143.49000549316406,1999200
2018-03-13,126.55039978027344,142.3300018310547,144.13999938964844,142.00999450683594,143.86000061035156,2080500
2018-03-14,125.9102554321289,141.61000061035156,142.99000549316406,141.35000610351562,142.89999389648438,2103100
2018-03-15,125.74130249023438,141.4199981689453,142.22000122070312,141.11000061035156,141.9600067138672,1927900
2018-03-16,125.95472717285156,141.66000366210938,142.19000244140625,141.5800018310547,141.5800018310547,2641400
2018-03-19,124.33647918701172,139.83999633789062,141.39999389648438,138.86000061035156,141.16000366210938,3154300
2018-03-20,124.52315521240234,140.0500030517578,140.4199981689453,139.66000366210938,140.0,1672000
2018-03-21,124.41649627685547,139.92999267578125,141.24000549316406,139.77999877929688,140.0500030517578,2106700
2018-03-22,121.36868286132812,135.9499969482422,138.61000061035156,135.85000610351562,138.14999389648438,3130600
2018-03-23,118.82434844970703,133.10000610351562,136.44000244140625,133.02999877929688,136.1300048828125,5697000
2018-03-26,121.9578628540039,136.61000061035156,136.72999572753906,133.75999450683594,135.08999633789062,3859500
2018-03-27,119.79747009277344,134.19000244140625,137.30999755859375,133.42999267578125,137.17999267578125,3309900
2018-03-28,119.52072143554688,133.8800048828125,135.19000244140625,133.22999572753906,134.36000061035156,4740000
2018-03-29,121.1633529663086,135.72000122070312,136.58999633789062,134.16000366210938,134.49000549316406,2346400
2018-04-02,118.40474700927734,132.6300048828125,135.57000732421875,131.25999450683594,135.2899932861328,5703700
2018-04-03,119.87777709960938,134.27999877929688,134.5399932861328,132.35000610351562,133.35000610351562,3737200
2018-04-04,121.22581481933594,135.7899932861328,136.10000610351562,132.10000610351562,132.19000244140625,2928000
2018-04-05,122.07391357421875,136.74000549316406,137.22999572753906,136.11000061035156,136.64999389648438,2683600
2018-04-06,119.51176452636719,133.8699951171875,136.5399932861328,132.9199981689453,135.72999572753906,4942600
2018-04-09,119.91353607177734,134.32000732421875,136.3000030517578,134.16000366210938,134.72000122070312,2239400
2018-04-10,121.85968017578125,136.5,136.97000122070312,135.4600067138672,136.0,2153900
2018-04-11,121.29727172851562,135.8699951171875,136.8300018310547,135.39999389648438,135.6699981689453,2063800
2018-04-12,122.27928161621094,136.97000122070312,137.52999877929688,136.50999450683594,136.72999572753906,1858700
2018-04-13,121.93109130859375,136.5800018310547,137.75,136.00999450683594,137.72000122070312,2192600
2018-04-16,122.94886016845703,137.72000122070312,138.14999389648438,136.97000122070312,137.5399932861328,2892600
2018-04-17,124.24330139160156,139.1699981689453,139.52999877929688,138.42999267578125,138.72999572753906,2219900
2018-04-18,124.41292572021484,139.36000061035156,139.85000610351562,139.08999633789062,139.5399932861328,1554400
2018-04-19,123.73444366455078,138.60000610351562,139.17999267578125,138.02000427246094,138.97999572753906,4003900
2018-04-20,122.75239562988281,137.5,138.6699981689453,137.02999877929688,138.55999755859375,1669600
2018-04-23,122.7077865600586,137.4499969482422,138.16000366210938,136.80999755859375,137.77999877929688,2033700
2018-04-24,121.2347412109375,135.8000030517578,138.19000244140625,134.86000061035156,138.10000610351562,3053500
2018-04-25,121.36865997314453,135.9499969482422,136.25,134.61000061035156,135.77000427246094,2275400
2018-04-26,122.52037048339844,137.24000549316406,137.67999267578125,136.25,136.52000427246094,1284600
2018-04-27,122.60065460205078,137.3300018310547,137.74000549316406,136.8000030517578,137.5399932861328,1133600
2018-04-30,121.70792388916016,136.3300018310547,137.99000549316406,136.25,137.69000244140625,2277100
2018-05-01,121.8953857421875,136.5399932861328,136.60000610351562,135.1199951171875,136.0399932861328,1762700
2018-05-02,121.19010925292969,135.75,136.97000122070312,135.5399932861328,136.4600067138672,1661600
2018-05-03,120.85980224609375,135.3800048828125,135.8000030517578,133.66000366210938,135.19000244140625,2638000
2018-05-04,122.42213439941406,137.1300048828125,137.55999755859375,134.63999938964844,134.97000122070312,2379400
2018-05-07,122.95775604248047,137.72999572753906,138.30999755859375,137.3800048828125,137.64999389648438,1448000
2018-05-08,123.00236511230469,137.77999877929688,138.00999450683594,136.97999572753906,137.58999633789062,1357400
2018-05-09,124.1629409790039,139.0800018310547,139.27000427246094,137.89999389648438,138.1999969482422,1451700
2018-05-10,125.24315643310547,140.2899932861328,140.5399932861328,139.44000244140625,139.50999450683594,1810100
2018-05-11,125.49314880371094,140.57000732421875,140.8699951171875,140.0500030517578,140.41000366210938,1199100
2018-05-14,125.55565643310547,140.63999938964844,141.3000030517578,140.38999938964844,140.94000244140625,1396900
2018-05-15,124.79679870605469,139.7899932861328,140.11000061035156,139.33999633789062,139.9499969482422,2279700
2018-05-16,125.40387725830078,140.47000122070312,140.75999450683594,139.85000610351562,139.85000610351562,1345900
2018-05-17,125.43955993652344,140.50999450683594,141.0399932861328,140.02000427246094,140.3800048828125,1658500
2018-05-18,125.16281127929688,140.1999969482422,140.50999450683594,139.97000122070312,140.36000061035156,910200
2018-05-21,126.1002197265625,141.25,141.52999877929688,140.83999633789062,141.05999755859375,1299600
2018-05-22,125.63597869873047,140.72999572753906,141.66000366210938,140.58999633789062,141.55999755859375,1213000
2018-05-23,125.9663314819336,141.10000610351562,141.10000610351562,140.0,140.08999633789062,1431800
2018-05-24,125.76100158691406,140.8699951171875,141.05999755859375,139.86000061035156,140.92999267578125,1405100
2018-05-25,125.51992797851562,140.60000610351562,140.91000366210938,140.27999877929688,140.60000610351562,1264500
2018-05-29,124.27901458740234,139.2100067138672,140.16000366210938,138.5399932861328,139.8000030517578,2695000
2018-05-30,125.88595581054688,141.00999450683594,141.30999755859375,139.91000366210938,139.97000122070312,1587000
2018-05-31,125.01998901367188,140.0399932861328,140.9499969482422,139.80999755859375,140.8800048828125,1700900
2018-06-01,126.32342529296875,141.5,141.64999389648438,140.75999450683594,140.92999267578125,1857800
2018-06-04,126.91266632080078,142.16000366210938,142.25999450683594,141.72999572753906,141.89999389648438,1592000
2018-06-05,127.10009765625,142.3699951171875,142.52000427246094,141.8300018310547,142.25999450683594,2952100
2018-06-06,128.2249755859375,143.6300048828125,143.6300048828125,142.3800048828125,142.75,3011000
2018-06-07,128.03749084472656,143.4199981689453,144.0,142.89999389648438,143.80999755859375,1663400
2018-06-08,128.47494506835938,143.91000366210938,143.94000244140625,143.1199951171875,143.27000427246094,1084200
2018-06-11,128.66241455078125,144.1199951171875,144.47000122070312,143.97000122070312,144.0,1664500
2018-06-12,128.9302215576172,144.4199981689453,144.61000061035156,144.0,144.39999389648438,1582300
2018-06-13,128.44815063476562,143.8800048828125,144.66000366210938,143.8000030517578,144.5399932861328,1402000
2018-06-14,128.81414794921875,144.2899932861328,144.57000732421875,143.88999938964844,144.39999389648438,1809800
2018-06-15,128.68917846679688,144.14999389648438,144.3300018310547,143.22999572753906,143.85000610351562,3328300
2018-06-18,128.54635620117188,143.99000549316406,144.05999755859375,143.02999877929688,143.3000030517578,1603500
2018-06-19,128.11781311035156,143.50999450683594,143.6199951171875,142.39999389648438,142.75,1962500
2018-06-20,128.41241455078125,143.83999633789062,144.19000244140625,143.58999633789062,143.9499969482422,1468400
2018-06-21,127.52862548828125,142.85000610351562,143.85000610351562,142.55999755859375,143.8300018310547,1881300
2018-06-22,127.71056365966797,142.4499969482422,143.0800018310547,142.3699951171875,143.0,1226300
2018-06-25,125.91754913330078,140.4499969482422,141.99000549316406,139.5399932861328,141.85000610351562,4347700
2018-06-26,126.20442199707031,140.77000427246094,141.25,140.3000030517578,140.6999969482422,2085300
2018-06-27,125.02996826171875,139.4600067138672,141.88999938964844,139.4499969482422,141.1999969482422,2958800
2018-06-28,125.80994415283203,140.3300018310547,140.69000244140625,138.99000549316406,139.42999267578125,2490500
2018-06-29,125.89961242675781,140.42999267578125,141.66000366210938,140.38999938964844,140.89999389648438,1834000
2018-07-02,126.20442199707031,140.77000427246094,140.8800048828125,139.42999267578125,139.55999755859375,2825900
2018-07-03,125.88169860839844,140.41000366210938,141.47000122070312,140.22000122070312,141.36000061035156,1325900
2018-07-05,126.94856262207031,141.60000610351562,141.6199951171875,140.4499969482422,141.1300048828125,2796400
2018-07-06,128.0154266357422,142.7899932861328,143.0,141.44000244140625,141.66000366210938,1756400
2018-07-09,129.18093872070312,144.08999633789062,144.11000061035156,143.13999938964844,143.4600067138672,2153000
2018-07-10,129.51263427734375,144.4600067138672,144.61000061035156,144.02999877929688,144.38999938964844,1437000
2018-07-11,128.58920288085938,143.42999267578125,144.10000610351562,143.10000610351562,143.6199951171875,2042300
2018-07-12,129.6470947265625,144.61000061035156,144.66000366210938,143.72000122070312,144.17999267578125,1440600
2018-07-13,129.727783203125,144.6999969482422,144.97999572753906,144.25999450683594,144.52999877929688,1964700
2018-07-16,129.5216064453125,144.47000122070312,144.83999633789062,144.22000122070312,144.77000427246094,1571100
2018-07-17,130.1133270263672,145.1300048828125,145.3300018310547,144.00999450683594,144.02000427246094,1767100
2018-07-18,130.40016174316406,145.4499969482422,145.5,144.85000610351562,145.1300048828125,1327700
2018-07-19,130.08641052246094,145.10000610351562,145.4199981689453,144.60000610351562,145.07000732421875,2034200
2018-07-20,129.853271484375,144.83999633789062,145.24000549316406,144.55999755859375,145.0,1507800
2018-07-23,130.0594940185547,145.07000732421875,145.16000366210938,144.47000122070312,144.7899932861328,1444500
2018-07-24,130.34637451171875,145.38999938964844,146.08999633789062,144.89999389648438,145.77000427246094,2340000
2018-07-25,131.45811462402344,146.6300048828125,146.6699981689453,145.00999450683594,145.3000030517578,2125700
2018-07-26,131.24295043945312,146.38999938964844,146.74000549316406,146.0,146.22999572753906,2084600
2018-07-27,130.19395446777344,145.22000122070312,146.63999938964844,144.6300048828125,146.60000610351562,2535000
2018-07-30,129.34225463867188,144.27000427246094,145.33999633789062,144.05999755859375,145.22000122070312,5379700
2018-07-31,130.07745361328125,145.08999633789062,145.50999450683594,144.5399932861328,144.82000732421875,2003800
2018-08-01,129.92503356933594,144.9199981689453,145.52999877929688,144.49000549316406,145.19000244140625,1524100
2018-08-02,130.696044921875,145.77999877929688,145.91000366210938,144.0800018310547,144.1699981689453,1508400
2018-08-03,131.13534545898438,146.27000427246094,146.2899932861328,145.75999450683594,145.88999938964844,1977100
2018-08-06,131.72708129882812,146.92999267578125,147.05999755859375,146.08999633789062,146.30999755859375,1802000
2018-08-07,132.15737915039062,147.41000366210938,147.6199951171875,146.30999755859375,146.30999755859375,2532500
2018-08-08,132.03187561035156,147.27000427246094,147.52999877929688,146.97999572753906,147.3300018310547,1270600
2018-08-09,131.94223022460938,147.1699981689453,147.67999267578125,147.07000732421875,147.3699951171875,1233800
2018-08-10,131.11741638183594,146.25,146.75999450683594,145.94000244140625,146.35000610351562,1854000
2018-08-13,130.61532592773438,145.69000244140625,146.75,145.4600067138672,146.39999389648438,1898200
2018-08-14,131.47601318359375,146.64999389648438,146.77999877929688,145.9199981689453,146.11000061035156,1784200
2018-08-15,130.4360809326172,145.49000549316406,146.02999877929688,144.63999938964844,145.8699951171875,2684700
2018-08-16,131.45811462402344,146.6300048828125,147.14999389648438,146.25999450683594,146.27999877929688,1347500
2018-08-17,131.94223022460938,147.1699981689453,147.38999938964844,146.3000030517578,146.4499969482422,2188300
2018-08-20,132.19326782226562,147.4499969482422,147.69000244140625,147.16000366210938,147.4499969482422,5759800
2018-08-21,132.68634033203125,148.0,148.50999450683594,147.77999877929688,147.77999877929688,2090900
2018-08-22,132.73117065429688,148.0500030517578,148.2899932861328,147.7100067138672,147.7899932861328,1169600
2018-08-23,132.47117614746094,147.75999450683594,148.3699951171875,147.5800018310547,147.89999389648438,1351100
2018-08-24,133.2959747314453,148.67999267578125,148.75999450683594,148.10000610351562,148.14999389648438,1712700
2018-08-27,134.25523376464844,149.75,149.8699951171875,149.10000610351562,149.32000732421875,2126000
2018-08-28,134.33596801757812,149.83999633789062,150.1999969482422,149.52999877929688,150.10000610351562,3015300
2018-08-29,135.04421997070312,150.6300048828125,150.77000427246094,149.82000732421875,149.9600067138672,2688600
2018-08-30,134.48837280273438,150.00999450683594,150.60000610351562,149.6699981689453,150.30999755859375,2150400
2018-08-31,134.54217529296875,150.07000732421875,150.27999877929688,149.58999633789062,149.80999755859375,2537500
2018-09-04,134.35389709472656,149.86000061035156,150.10000610351562,149.22000122070312,149.88999938964844,2342700
2018-09-05,133.91458129882812,149.3699951171875,149.69000244140625,148.7100067138672,149.66000366210938,2772000
2018-09-06,133.5111846923828,148.9199981689453,149.69000244140625,148.36000061035156,149.4600067138672,2592200
2018-09-07,133.20631408691406,148.5800018310547,149.1699981689453,148.1300048828125,148.3699951171875,2334400
2018-09-10,133.4932098388672,148.89999389648438,149.3300018310547,148.7899932861328,149.1999969482422,2156000
2018-09-11,133.94146728515625,149.39999389648438,149.6199951171875,148.3300018310547,148.5500030517578,2575100
2018-09-12,133.9504852294922,149.41000366210938,149.63999938964844,148.7899932861328,149.30999755859375,2181100
2018-09-13,134.62286376953125,150.16000366210938,150.3300018310547,149.75,149.97000122070312,1905900
2018-09-14,134.7304229736328,150.27999877929688,150.47999572753906,149.7899932861328,150.27999877929688,1363900
2018-09-17,133.87872314453125,149.3300018310547,150.27999877929688,149.19000244140625,150.24000549316406,1661600
2018-09-18,134.595947265625,150.1300048828125,150.44000244140625,149.39999389648438,149.42999267578125,1665400
2018-09-19,134.6138458251953,150.14999389648438,150.47999572753906,150.00999450683594,150.1199951171875,1809800
2018-09-20,135.6538543701172,151.30999755859375,151.47000122070312,150.52000427246094,150.8300018310547,1713900
2018-09-21,135.5194091796875,151.16000366210938,151.83999633789062,151.0500030517578,151.82000732421875,1986100
2018-09-24,135.0262908935547,150.61000061035156,150.92999267578125,150.27000427246094,150.8699951171875,1668600
2018-09-25,134.9545440673828,150.52999877929688,151.07000732421875,150.4199981689453,150.88999938964844,2318900
2018-09-26,134.43453979492188,149.9499969482422,151.2899932861328,149.7899932861328,150.61000061035156,4903500
2018-09-27,134.74835205078125,150.3000030517578,150.9499969482422,150.0800018310547,150.24000549316406,1808300
2018-09-28,134.80601501464844,149.64999389648438,149.99000549316406,149.22999572753906,149.27999877929688,1797000
2018-10-01,135.0132293701172,149.8800048828125,150.77000427246094,149.52000427246094,150.4199981689453,2718800
2018-10-02,134.81503295898438,149.66000366210938,150.10000610351562,149.42999267578125,149.86000061035156,2159200
2018-10-03,134.9951629638672,149.86000061035156,150.49000549316406,149.64999389648438,150.25999450683594,2563900
2018-10-04,133.8511505126953,148.58999633789062,149.61000061035156,147.7100067138672,149.5800018310547,3220800
2018-10-05,132.98635864257812,147.6300048828125,148.9499969482422,146.72999572753906,148.6199951171875,3197900
2018-10-08,132.8872833251953,147.52000427246094,147.75999450683594,146.36000061035156,147.27999877929688,2515600
2018-10-09,132.65306091308594,147.25999450683594,148.02000427246094,147.02000427246094,147.25,3690600
2018-10-10,128.42831420898438,142.57000732421875,146.9499969482422,142.41000366210938,146.92999267578125,6890300
2018-10-11,125.68981170654297,139.52999877929688,142.97000122070312,138.75,142.02000427246094,11707900
2018-10-12,127.34737396240234,141.3699951171875,142.32000732421875,139.49000549316406,142.0,7981200
2018-10-15,126.7797622680664,140.74000549316406,141.97999572753906,140.5,141.16000366210938,3386400
2018-10-16,129.5723114013672,143.83999633789062,144.05999755859375,141.36000061035156,141.75,3990400
2018-10-17,129.5363006591797,143.8000030517578,144.14999389648438,142.3300018310547,143.91000366210938,3148300
2018-10-18,127.66259765625,141.72000122070312,143.61000061035156,141.0,143.30999755859375,3783800
2018-10-19,127.32926177978516,141.35000610351562,143.07000732421875,141.00999450683594,142.13999938964844,2997700
2018-10-22,126.82482147216797,140.7899932861328,141.94000244140625,140.4199981689453,141.72999572753906,3220600
2018-10-23,126.07716369628906,139.9600067138672,140.6699981689453,137.4600067138672,138.69000244140625,4981600
2018-10-24,122.15864562988281,135.61000061035156,140.08999633789062,135.39999389648438,139.88999938964844,6013700
2018-10-25,124.45569610595703,138.16000366210938,138.9600067138672,136.1699981689453,136.6300048828125,4886000
2018-10-26,122.30277252197266,135.77000427246094,137.52999877929688,134.1699981689453,136.1199951171875,6623500
2018-10-29,121.62718963623047,135.02000427246094,138.3300018310547,133.07000732421875,137.50999450683594,5167200
2018-10-30,123.52790069580078,137.1300048828125,137.2899932861328,134.61000061035156,134.9600067138672,3675500
2018-10-31,124.81604766845703,138.55999755859375,139.83999633789062,138.3699951171875,138.60000610351562,4034500
2018-11-01,126.2303237915039,140.1300048828125,140.3699951171875,138.52000427246094,139.0399932861328,3713900
2018-11-02,125.7168197631836,139.55999755859375,141.1999969482422,138.38999938964844,140.92999267578125,3171400
2018-11-05,126.32942199707031,140.24000549316406,140.52000427246094,139.19000244140625,139.8000030517578,3140200
2018-11-06,127.050048828125,141.0399932861328,141.11000061035156,140.1699981689453,140.19000244140625,2029700
2018-11-07,129.64437866210938,143.9199981689453,144.0,141.97000122070312,142.3000030517578,2781200
2018-11-08,129.39215087890625,143.63999938964844,144.05999755859375,142.97999572753906,143.5500030517578,1874800
2018-11-09,128.06796264648438,142.1699981689453,142.9600067138672,141.2899932861328,142.91000366210938,2226900
2018-11-12,125.60875701904297,139.44000244140625,141.97000122070312,139.17999267578125,141.7899932861328,3530700
2018-11-13,125.4285888671875,139.24000549316406,140.9199981689453,138.82000732421875,139.77000427246094,2290500
2018-11-14,124.50975799560547,138.22000122070312,140.57000732421875,137.3800048828125,140.33999633789062,2766000
2018-11-15,125.91502380371094,139.77999877929688,140.00999450683594,136.6999969482422,137.5500030517578,3600900
2018-11-16,126.18524169921875,140.0800018310547,140.57000732421875,138.82000732421875,139.07000732421875,2272300
2018-11-19,123.9963150024414,137.64999389648438,139.92999267578125,137.1699981689453,139.8300018310547,3481800
2018-11-20,121.7893295288086,135.1999969482422,136.6199951171875,134.63999938964844,135.72999572753906,4627200
2018-11-21,122.38382720947266,135.86000061035156,136.88999938964844,135.75,136.0,4151300
2018-11-23,121.72626495361328,135.1300048828125,135.9199981689453,134.72999572753906,134.9199981689453,1300000
2018-11-26,123.61795043945312,137.22999572753906,137.27999877929688,136.17999267578125,136.47999572753906,4699700
2018-11-27,123.77111053466797,137.39999389648438,137.4199981689453,136.27000427246094,136.64999389648438,2860100
2018-11-28,126.6536865234375,140.60000610351562,140.60000610351562,137.4199981689453,138.02999877929688,6061100
2018-11-29,126.41947174072266,140.33999633789062,141.16000366210938,139.47999572753906,140.19000244140625,2895000
2018-11-30,127.32926177978516,141.35000610351562,141.50999450683594,140.07000732421875,140.24000549316406,2142100
2018-12-03,128.81565856933594,143.0,144.0,142.02999877929688,143.60000610351562,3655400
2018-12-04,124.60887145996094,138.3300018310547,142.82000732421875,138.10000610351562,142.63999938964844,3917700
2018-12-06,124.45569610595703,138.16000366210938,138.16000366210938,134.35000610351562,136.14999389648438,6542900
2018-12-07,121.51908111572266,134.89999389648438,138.8699951171875,134.42999267578125,137.94000244140625,4986900
2018-12-10,121.65422058105469,135.0500030517578,135.60000610351562,132.4499969482422,134.80999755859375,5046800
2018-12-11,121.62718963623047,135.02000427246094,137.00999450683594,134.22999572753906,136.86000061035156,3459200
2018-12-12,122.32079315185547,135.7899932861328,137.50999450683594,135.75,136.72000122070312,3720100
2018-12-13,122.0235366821289,135.4600067138672,136.69000244140625,134.88999938964844,136.24000549316406,3298400
2018-12-14,119.91563415527344,133.1199951171875,134.9199981689453,132.75999450683594,134.25999450683594,4503200
2018-12-17,117.35734558105469,130.27999877929688,133.16000366210938,129.47000122070312,132.5399932861328,7193100
2018-12-18,117.3213119506836,130.24000549316406,131.74000549316406,129.36000061035156,131.25999450683594,8065500
2018-12-19,115.51970672607422,128.24000549316406,132.38999938964844,127.30000305175781,130.27999877929688,8010800
2018-12-20,113.655029296875,126.16999816894531,128.3800048828125,124.80000305175781,127.51000213623047,13119700
2018-12-21,111.2408447265625,123.48999786376953,127.97000122070312,123.12000274658203,126.51000213623047,13605000
2018-12-24,108.46003723144531,119.69999694824219,122.54000091552734,119.66999816894531,121.9000015258789,14488500
2018-12-26,113.67916107177734,125.45999908447266,125.5199966430664,119.3499984741211,120.33999633789062,12512300
2018-12-27,114.70306396484375,126.58999633789062,126.58999633789062,121.91000366210938,123.76000213623047,16128500
2018-12-28,114.55807495117188,126.43000030517578,128.30999755859375,125.7300033569336,127.5,11668700
2018-12-31,115.6453857421875,127.62999725341797,127.7300033569336,126.27999877929688,127.37999725341797,9414800
2019-01-02,115.73601531982422,127.7300033569336,128.16000366210938,125.33999633789062,125.75,5093200
2019-01-03,113.053955078125,124.7699966430664,126.91000366210938,124.56999969482422,126.91000366210938,5252900
2019-01-04,116.79613494873047,128.89999389648438,129.3699951171875,126.31999969482422,126.4800033569336,4776900
2019-01-07,117.97407531738281,130.1999969482422,131.0399932861328,128.80999755859375,129.19000244140625,4485100
2019-01-08,119.18821716308594,131.5399932861328,131.72999572753906,130.0500030517578,131.4499969482422,3949400
2019-01-09,119.75001525878906,132.16000366210938,132.6699981689453,131.36000061035156,132.02000427246094,6405100
2019-01-10,120.33900451660156,132.80999755859375,132.88999938964844,131.0,131.44000244140625,2685700
2019-01-11,120.36614990234375,132.83999633789062,132.86000061035156,131.85000610351562,132.1300048828125,3033800
2019-01-14,119.60503387451172,132.0,132.49000549316406,131.55999755859375,131.7899932861328,2479400
2019-01-15,120.90986633300781,133.44000244140625,133.55999755859375,132.0500030517578,132.19000244140625,4542100
2019-01-16,121.2541732788086,133.82000732421875,134.3300018310547,133.61000061035156,133.6699981689453,2963100
2019-01-17,122.23272705078125,134.89999389648438,135.39999389648438,133.16000366210938,133.39999389648438,4401100
2019-01-18,123.81841278076172,136.64999389648438,136.94000244140625,135.4499969482422,135.88999938964844,4224900
2019-01-22,122.1240234375,134.77999877929688,135.9199981689453,133.88999938964844,135.88999938964844,5037900
2019-01-23,122.2508316040039,134.9199981689453,135.77000427246094,133.60000610351562,135.3800048828125,3934200
2019-01-24,122.50457763671875,135.1999969482422,135.47000122070312,134.4600067138672,134.92999267578125,3785200
2019-01-25,123.65531158447266,136.47000122070312,136.82000732421875,136.02999877929688,136.22999572753906,2987300
2019-01-28,122.74921417236328,135.47000122070312,135.52000427246094,134.47999572753906,135.24000549316406,4371600
2019-01-29,122.57705688476562,135.27999877929688,135.8699951171875,134.83999633789062,135.6199951171875,2975100
2019-01-30,124.42550659179688,137.32000732421875,137.80999755859375,135.6199951171875,136.14999389648438,3060700
2019-01-31,125.52188110351562,138.52999877929688,138.77000427246094,137.24000549316406,137.27000427246094,3932900
2019-02-01,125.70308685302734,138.72999572753906,139.1999969482422,138.25,138.6999969482422,3225400
2019-02-04,126.60013580322266,139.72000122070312,139.75,138.36000061035156,138.75999450683594,4938100
2019-02-05,127.12567138671875,140.3000030517578,140.4499969482422,139.66000366210938,139.9499969482422,2759100
2019-02-06,126.99884796142578,140.16000366210938,140.39999389648438,139.64999389648438,140.14999389648438,2945200
2019-02-07,125.79370880126953,138.8300018310547,139.49000549316406,137.1199951171875,139.17999267578125,5097500
2019-02-08,125.92054748535156,138.97000122070312,138.99000549316406,137.66000366210938,138.13999938964844,2105800
2019-02-11,126.18333435058594,139.25999450683594,139.5500030517578,138.88999938964844,139.39999389648438,2337000
2019-02-12,127.75997161865234,141.0,141.17999267578125,140.05999755859375,140.1199951171875,3312300
2019-02-13,128.15866088867188,141.44000244140625,141.8800048828125,141.13999938964844,141.4499969482422,2369300
2019-02-14,127.93211364746094,141.19000244140625,141.80999755859375,140.38999938964844,140.86000061035156,2731400
2019-02-15,129.33656311035156,142.74000549316406,142.77000427246094,141.91000366210938,142.16000366210938,2537600
2019-02-19,129.59024047851562,143.02000427246094,143.38999938964844,142.33999633789062,142.41000366210938,2469900
2019-02-20,129.8621063232422,143.32000732421875,143.52999877929688,142.74000549316406,143.0500030517578,2357400
2019-02-21,129.41812133789062,142.8300018310547,143.13999938964844,142.25,143.05999755859375,3684900
2019-02-22,130.26986694335938,143.77000427246094,143.83999633789062,143.02999877929688,143.1999969482422,1838400
2019-02-25,130.4601287841797,143.97999572753906,144.8800048828125,143.89999389648438,144.55999755859375,3920000
2019-02-26,130.21546936035156,143.7100067138672,144.22999572753906,143.58999633789062,143.75,2155200
2019-02-27,130.26080322265625,143.75999450683594,143.97000122070312,142.8800048828125,143.38999938964844,2046800
2019-02-28,129.98898315429688,143.4600067138672,143.89999389648438,143.32000732421875,143.64999389648438,2275100
2019-03-01,130.85877990722656,144.4199981689453,144.60000610351562,143.5,144.3800048828125,2985100
2019-03-04,130.25173950195312,143.75,145.02999877929688,142.4199981689453,145.0,3555400
2019-03-05,130.00706481933594,143.47999572753906,143.89999389648438,143.17999267578125,143.80999755859375,2838000
2019-03-06,129.01942443847656,142.38999938964844,143.5500030517578,142.22999572753906,143.52000427246094,2139600
2019-03-07,128.013671875,141.27999877929688,142.25,140.75999450683594,142.16000366210938,2851800
2019-03-08,127.75086212158203,140.99000549316406,141.02999877929688,139.9199981689453,140.1300048828125,2328000
2019-03-11,129.62649536132812,143.05999755859375,143.11000061035156,141.36000061035156,141.38999938964844,1910400
2019-03-12,130.0614471435547,143.5399932861328,143.83999633789062,143.22999572753906,143.3300018310547,1966100
2019-03-13,130.89505004882812,144.4600067138672,144.9499969482422,143.94000244140625,143.9600067138672,2013500
2019-03-14,130.7863311767578,144.33999633789062,144.63999938964844,144.0500030517578,144.4600067138672,1494000
2019-03-15,131.39340209960938,145.00999450683594,145.47999572753906,144.5500030517578,144.6199951171875,2324300
2019-03-18,131.88265991210938,145.5500030517578,145.75999450683594,144.9499969482422,145.10000610351562,2489700
2019-03-19,131.85548400878906,145.52000427246094,146.47000122070312,144.99000549316406,146.1199951171875,6104600
2019-03-20,131.31185913085938,144.9199981689453,145.99000549316406,144.25,145.32000732421875,2900900
2019-03-21,132.85220336914062,146.6199951171875,146.83999633789062,144.36000061035156,144.47999572753906,2949700
2019-03-22,130.07957458496094,143.55999755859375,146.07000732421875,143.5,145.83999633789062,5151000
2019-03-25,129.990234375,142.69000244140625,143.30999755859375,141.89999389648438,142.5800018310547,3676500
2019-03-26,130.99237060546875,143.7899932861328,144.3800048828125,143.00999450683594,143.6999969482422,2861000
2019-03-27,130.39109802246094,143.1300048828125,144.14999389648438,142.14999389648438,143.83999633789062,3402700
2019-03-28,130.96507263183594,143.75999450683594,143.97999572753906,142.8300018310547,143.4600067138672,2654500
2019-03-29,131.83056640625,144.7100067138672,144.7899932861328,144.02999877929688,144.61000061035156,3614700
2019-04-01,133.36097717285156,146.38999938964844,146.47999572753906,145.58999633789062,145.75999450683594,3666800
2019-04-02,133.35186767578125,146.3800048828125,146.5,145.8699951171875,146.4199981689453,4292800
2019-04-03,133.6707000732422,146.72999572753906,147.33999633789062,146.32000732421875,147.0800018310547,2404400
2019-04-04,133.95309448242188,147.0399932861328,147.14999389648438,146.35000610351562,146.83999633789062,2248400
2019-04-05,134.62722778320312,147.77999877929688,147.8300018310547,147.25999450683594,147.38999938964844,1744500
2019-04-08,134.7456817626953,147.91000366210938,147.92999267578125,147.11000061035156,147.5399932861328,2130500
2019-04-09,133.93487548828125,147.02000427246094,147.47999572753906,146.7100067138672,147.32000732421875,2150700
2019-04-10,134.5543670654297,147.6999969482422,147.72000122070312,147.07000732421875,147.24000549316406,2019000
2019-04-11,134.54527282714844,147.69000244140625,147.9600067138672,147.33999633789062,147.94000244140625,1794600
2019-04-12,135.44712829589844,148.67999267578125,148.8000030517578,148.1300048828125,148.5500030517578,2612000
2019-04-15,135.33786010742188,148.55999755859375,148.8000030517578,148.05999755859375,148.75,2083000
2019-04-16,135.374267578125,148.60000610351562,149.05999755859375,148.24000549316406,149.0,2953300
2019-04-17,134.87322998046875,148.0500030517578,149.22000122070312,147.77000427246094,149.1999969482422,2983900
2019-04-18,135.07363891601562,148.27000427246094,148.39999389648438,147.50999450683594,148.39999389648438,2457000
2019-04-22,135.11007690429688,148.30999755859375,148.41000366210938,147.77000427246094,147.9499969482422,2148600
2019-04-23,136.46746826171875,149.8000030517578,149.9199981689453,148.4499969482422,148.5500030517578,2344200
2019-04-24,136.2852783203125,149.60000610351562,150.0500030517578,149.47000122070312,149.77999877929688,1924600
2019-04-25,136.0574951171875,149.35000610351562,149.69000244140625,148.60000610351562,149.5399932861328,2428600
2019-04-26,136.79544067382812,150.16000366210938,150.16000366210938,148.99000549316406,149.41000366210938,2184500
2019-04-29,136.995849609375,150.3800048828125,150.69000244140625,150.1300048828125,150.22000122070312,2461500
2019-04-30,137.0049285888672,150.38999938964844,150.60000610351562,149.3000030517578,150.27999877929688,2224500
2019-05-01,135.98468017578125,149.27000427246094,150.8699951171875,149.24000549316406,150.8000030517578,3761300
2019-05-02,135.7568817138672,149.02000427246094,149.74000549316406,148.05999755859375,149.14999389648438,2537800
2019-05-03,137.22360229492188,150.6300048828125,150.6999969482422,149.6999969482422,149.8000030517578,2147100
2019-05-06,136.7863006591797,150.14999389648438,150.33999633789062,148.02000427246094,148.19000244140625,2635300
2019-05-07,134.42684936523438,147.55999755859375,149.08999633789062,146.42999267578125,148.83999633789062,4385800
2019-05-08,134.20819091796875,147.32000732421875,148.24000549316406,147.00999450683594,147.35000610351562,2492100
2019-05-09,133.780029296875,146.85000610351562,147.17999267578125,145.05999755859375,146.05999755859375,2768000
2019-05-10,134.39955139160156,147.52999877929688,147.9600067138672,144.64999389648438,146.3300018310547,3175300
2019-05-13,131.0015106201172,143.8000030517578,145.14999389648438,143.25,144.6999969482422,4241900
2019-05-14,132.18577575683594,145.10000610351562,145.91000366210938,144.13999938964844,144.27999877929688,3090200
2019-05-15,132.96925354003906,145.9600067138672,146.27000427246094,144.0500030517578,144.22999572753906,2072300
2019-05-16,134.1717529296875,147.27999877929688,148.02999877929688,146.2899932861328,146.3300018310547,2319500
2019-05-17,133.22433471679688,146.24000549316406,147.63999938964844,146.00999450683594,146.05999755859375,1923900
2019-05-20,132.27687072753906,145.1999969482422,145.9199981689453,144.77999877929688,145.25999450683594,1669200
2019-05-21,133.57049560546875,146.6199951171875,146.80999755859375,146.0399932861328,146.11000061035156,1438800
2019-05-22,133.08766174316406,146.08999633789062,146.57000732421875,145.77000427246094,146.05999755859375,1539800
2019-05-23,131.39321899414062,144.22999572753906,144.85000610351562,143.3800048828125,144.8300018310547,2701100
2019-05-24,131.71206665039062,144.5800018310547,145.22999572753906,144.16000366210938,144.9600067138672,1381900
2019-05-28,130.5551300048828,143.30999755859375,145.27999877929688,143.25,144.82000732421875,3866100
2019-05-29,129.6623077392578,142.3300018310547,142.8000030517578,141.44000244140625,142.6199951171875,2955100
2019-05-30,129.91737365722656,142.61000061035156,143.1699981689453,141.9499969482422,142.69000244140625,2621700
2019-05-31,128.16830444335938,140.69000244140625,141.58999633789062,140.60000610351562,141.11000061035156,2836300
2019-06-03,127.91320037841797,140.41000366210938,141.3800048828125,139.6199951171875,140.69000244140625,4765100
2019-06-04,130.7828369140625,143.55999755859375,143.61000061035156,141.47000122070312,141.72999572753906,2767600
2019-06-05,131.784912109375,144.66000366210938,144.82000732421875,143.27000427246094,144.38999938964844,5059700
2019-06-06,132.52285766601562,145.47000122070312,145.85000610351562,144.35000610351562,144.82000732421875,2795600
2019-06-07,133.7253875732422,146.7899932861328,147.4499969482422,145.97999572753906,146.05999755859375,1667900
2019-06-10,134.47238159179688,147.61000061035156,148.57000732421875,147.5399932861328,147.72999572753906,2259800
2019-06-11,134.34490966796875,147.47000122070312,148.8300018310547,147.0800018310547,148.6199951171875,1724500
2019-06-12,134.16265869140625,147.27000427246094,147.63999938964844,146.92999267578125,147.35000610351562,1729900
2019-06-13,134.78211975097656,147.9499969482422,148.08999633789062,147.42999267578125,147.7899932861328,1726600
2019-06-14,134.49063110351562,147.6300048828125,147.99000549316406,147.27000427246094,147.8000030517578,1401000
2019-06-17,134.58848571777344,147.19000244140625,147.6699981689453,147.13999938964844,147.27999877929688,2506100
2019-06-18,136.0606231689453,148.8000030517578,149.47000122070312,148.07000732421875,148.1999969482422,2261100
2019-06-19,136.5269775390625,149.30999755859375,149.49000549316406,148.38999938964844,148.91000366210938,4049900
2019-06-20,137.7796630859375,150.67999267578125,150.85000610351562,149.4499969482422,150.72999572753906,2968100
2019-06-21,137.79794311523438,150.6999969482422,150.94000244140625,150.0399932861328,150.39999389648438,2414300
2019-06-24,137.0298614501953,149.86000061035156,150.47000122070312,149.7100067138672,150.3300018310547,1977300
2019-06-25,135.73143005371094,148.44000244140625,149.89999389648438,148.3000030517578,149.8699951171875,2309500
2019-06-26,135.4753875732422,148.16000366210938,149.19000244140625,148.1300048828125,148.86000061035156,1903700
2019-06-27,136.28921508789062,149.0500030517578,149.1999969482422,148.55999755859375,148.66000366210938,2392200
2019-06-28,137.24014282226562,150.08999633789062,150.1699981689453,149.30999755859375,149.50999450683594,2589600
2019-07-01,138.2093963623047,151.14999389648438,151.9199981689453,150.50999450683594,151.85000610351562,3960800
2019-07-02,138.52943420410156,151.5,151.5,150.66000366210938,151.1199951171875,2705400
2019-07-03,139.5718231201172,152.63999938964844,152.66000366210938,151.75,151.8699951171875,2286800
2019-07-05,139.4895477294922,152.5500030517578,152.6199951171875,151.25999450683594,152.00999450683594,2446300
2019-07-08,138.73973083496094,151.72999572753906,152.02999877929688,151.3699951171875,151.8699951171875,2611300
2019-07-09,138.9866180419922,152.0,152.08999633789062,151.02000427246094,151.02000427246094,3178000
2019-07-10,139.5535430908203,152.6199951171875,153.1300048828125,152.1199951171875,152.58999633789062,1852500
2019-07-11,139.74560546875,152.8300018310547,153.02999877929688,152.24000549316406,152.94000244140625,2641000
2019-07-12,140.4587860107422,153.61000061035156,153.63999938964844,152.99000549316406,153.10000610351562,1656000
2019-07-15,140.3673553466797,153.50999450683594,153.8300018310547,153.27000427246094,153.8300018310547,2155000
2019-07-16,140.01077270507812,153.1199951171875,153.6699981689453,152.9499969482422,153.5,1778500
2019-07-17,139.0872039794922,152.11000061035156,153.1699981689453,152.11000061035156,153.10000610351562,2575500
2019-07-18,139.5992889404297,152.6699981689453,152.83999633789062,151.58999633789062,151.8699951171875,1463500
2019-07-19,138.8037872314453,151.8000030517578,153.27999877929688,151.74000549316406,153.2100067138672,1487900
2019-07-22,139.13294982910156,152.16000366210938,152.39999389648438,151.75999450683594,152.05999755859375,1510000
2019-07-23,140.0655975341797,153.17999267578125,153.1999969482422,152.3000030517578,152.77999877929688,1643800
2019-07-24,140.92510986328125,154.1199951171875,154.14999389648438,152.75999450683594,152.75999450683594,2168900
2019-07-25,140.17535400390625,153.3000030517578,153.9499969482422,152.88999938964844,153.94000244140625,2046000
2019-07-26,141.19033813476562,154.41000366210938,154.50999450683594,153.61000061035156,153.64999389648438,1721600
2019-07-29,140.85198974609375,154.0399932861328,154.3800048828125,153.6300048828125,154.35000610351562,1587600
2019-07-30,140.71482849121094,153.88999938964844,154.0,152.9600067138672,153.19000244140625,1970300
2019-07-31,139.1786346435547,152.2100067138672,154.11000061035156,151.07000732421875,153.91000366210938,2512000
2019-08-01,137.88938903808594,150.8000030517578,153.85000610351562,150.25999450683594,152.2899932861328,3901500
2019-08-02,136.7738800048828,149.5800018310547,150.41000366210938,148.5800018310547,150.3000030517578,7062200
2019-08-05,132.7139434814453,145.13999938964844,147.25,143.8699951171875,147.17999267578125,5701800
2019-08-06,134.442138671875,147.02999877929688,147.0800018310547,145.2100067138672,146.19000244140625,3408400
2019-08-07,134.58848571777344,147.19000244140625,147.52999877929688,144.17999267578125,145.3000030517578,3195500
2019-08-08,137.1487274169922,149.99000549316406,150.02000427246094,147.6999969482422,147.97999572753906,4143200
2019-08-09,136.1703338623047,148.9199981689453,149.7899932861328,148.02000427246094,149.55999755859375,2349700
2019-08-12,134.4878692626953,147.0800018310547,148.25999450683594,146.5500030517578,148.1199951171875,2610200
2019-08-13,136.40806579589844,149.17999267578125,150.0800018310547,146.52999877929688,146.88999938964844,2721400
2019-08-14,132.46705627441406,144.8699951171875,147.1999969482422,144.77999877929688,146.9499969482422,3938800
2019-08-15,132.7139434814453,145.13999938964844,145.66000366210938,144.0500030517578,145.30999755859375,3591900
2019-08-16,134.72561645507812,147.33999633789062,147.60000610351562,146.0,146.0800018310547,3659300
2019-08-19,136.3257598876953,149.08999633789062,149.47999572753906,148.6300048828125,149.08999633789062,2875000
2019-08-20,135.28335571289062,147.9499969482422,149.02999877929688,147.89999389648438,148.80999755859375,1739000
2019-08-21,136.42636108398438,149.1999969482422,149.39999389648438,148.82000732421875,149.16000366210938,1439700
2019-08-22,136.30751037597656,149.07000732421875,149.89999389648438,148.1300048828125,149.61000061035156,1730700
2019-08-23,132.869384765625,145.30999755859375,149.3000030517578,144.63999938964844,148.41000366210938,3808300
2019-08-26,134.21356201171875,146.77999877929688,146.8800048828125,145.66000366210938,146.52999877929688,3623000
2019-08-27,133.59178161621094,146.10000610351562,147.8300018310547,145.67999267578125,147.63999938964844,1984700
2019-08-28,134.54273986816406,147.13999938964844,147.24000549316406,145.30999755859375,145.69000244140625,1981000
2019-08-29,136.3257598876953,149.08999633789062,149.3800048828125,148.10000610351562,148.58999633789062,2576000
2019-08-30,136.28005981445312,149.0399932861328,149.88999938964844,148.44000244140625,149.8800048828125,2267900
2019-09-03,135.3931121826172,148.07000732421875,148.5500030517578,147.3699951171875,147.99000549316406,4307800
2019-09-04,136.8378143310547,149.64999389648438,149.64999389648438,148.82000732421875,149.3000030517578,2071700
2019-09-05,138.66661071777344,151.64999389648438,152.11000061035156,150.75,151.0,2991800
2019-09-06,138.6940460205078,151.67999267578125,152.05999755859375,151.39999389648438,151.80999755859375,1568700
2019-09-09,138.77633666992188,151.77000427246094,152.27000427246094,151.14999389648438,152.22000122070312,2575200
2019-09-10,138.91348266601562,151.9199981689453,151.9199981689453,150.6300048828125,151.36000061035156,3435200
2019-09-11,140.04733276367188,153.16000366210938,153.1699981689453,151.6999969482422,152.08999633789062,3848100
2019-09-12,140.46795654296875,153.6199951171875,154.1300048828125,153.0500030517578,153.6300048828125,3486800
2019-09-13,140.33078002929688,153.47000122070312,154.0800018310547,153.27999877929688,153.8699951171875,3002500
2019-09-16,140.04603576660156,152.4600067138672,152.69000244140625,152.0399932861328,152.22000122070312,1690800
2019-09-17,140.38589477539062,152.8300018310547,152.8699951171875,152.0,152.35000610351562,2104500
2019-09-18,140.3675079345703,152.80999755859375,152.83999633789062,151.35000610351562,152.64999389648438,1716700
2019-09-19,140.27569580078125,152.7100067138672,153.61000061035156,152.5500030517578,153.1300048828125,2061400
2019-09-20,139.6602325439453,152.0399932861328,153.22999572753906,151.60000610351562,153.0,2106100
2019-09-23,139.7337188720703,152.1199951171875,152.4600067138672,151.57000732421875,151.7100067138672,2051800
2019-09-24,138.4385223388672,150.7100067138672,152.80999755859375,150.1999969482422,152.60000610351562,4234600
2019-09-25,139.31114196777344,151.66000366210938,151.91000366210938,149.9199981689453,150.72999572753906,6144100
2019-09-26,138.8885955810547,151.1999969482422,151.66000366210938,150.47000122070312,151.66000366210938,1723000
2019-09-27,138.06190490722656,150.3000030517578,151.7100067138672,149.44000244140625,151.63999938964844,1940200
2019-09-30,138.70489501953125,151.0,151.3699951171875,150.5500030517578,150.64999389648438,1702000
2019-10-01,136.89529418945312,149.02999877929688,151.8800048828125,148.9199981689453,151.5,2823000
2019-10-02,134.67233276367188,146.61000061035156,148.24000549316406,145.82000732421875,148.17999267578125,3811500
2019-10-03,135.7654571533203,147.8000030517578,147.8000030517578,144.89999389648438,146.47999572753906,4380400
2019-10-04,137.53829956054688,149.72999572753906,149.80999755859375,148.0399932861328,148.36000061035156,2509200
2019-10-07,136.99632263183594,149.13999938964844,150.19000244140625,148.88999938964844,149.3800048828125,2237400
2019-10-08,134.78257751464844,146.72999572753906,148.36000061035156,146.7100067138672,148.0399932861328,2213900
2019-10-09,136.0226593017578,148.0800018310547,148.58999633789062,147.52000427246094,147.85000610351562,3294600
2019-10-10,136.89529418945312,149.02999877929688,149.5,147.99000549316406,148.0,3508900
2019-10-11,138.3650360107422,150.6300048828125,151.89999389648438,150.47000122070312,150.50999450683594,3377100
2019-10-14,138.23646545410156,150.49000549316406,150.75,150.25,150.52000427246094,1213500
2019-10-15,139.595947265625,151.97000122070312,152.3300018310547,150.9199981689453,151.02999877929688,2153200
2019-10-16,139.33871459960938,151.69000244140625,152.0500030517578,151.3699951171875,151.63999938964844,1578400
2019-10-17,139.7980194091797,152.19000244140625,152.63999938964844,151.83999633789062,152.3300018310547,1640400
2019-10-18,139.2377166748047,151.5800018310547,152.1999969482422,150.89999389648438,151.94000244140625,1720000
2019-10-21,140.1470947265625,152.57000732421875,152.69000244140625,152.05999755859375,152.35000610351562,1710100
2019-10-22,139.72454833984375,152.11000061035156,153.00999450683594,152.0399932861328,152.92999267578125,1711800
2019-10-23,140.00927734375,152.4199981689453,152.49000549316406,151.77000427246094,151.97000122070312,1804000
2019-10-24,140.39508056640625,152.83999633789062,153.0800018310547,152.27999877929688,153.00999450683594,1582200
2019-10-25,140.95542907714844,153.4499969482422,153.75999450683594,152.4199981689453,152.49000549316406,2461600
2019-10-28,141.8096923828125,154.3800048828125,154.66000366210938,154.0,154.1199951171875,2725500
2019-10-29,141.78213500976562,154.35000610351562,154.8000030517578,154.11000061035156,154.22999572753906,1561500
2019-10-30,142.12196350097656,154.72000122070312,154.94000244140625,153.63999938964844,154.39999389648438,2246000
2019-10-31,141.62599182128906,154.17999267578125,154.67999267578125,153.4199981689453,154.67999267578125,2224400
2019-11-01,143.14161682128906,155.8300018310547,155.8300018310547,154.9199981689453,155.0,2341400
2019-11-04,143.66522216796875,156.39999389648438,156.77000427246094,156.17999267578125,156.6999969482422,2150600
2019-11-05,143.53660583496094,156.25999450683594,156.77999877929688,156.07000732421875,156.60000610351562,2377100
2019-11-06,143.47232055664062,156.19000244140625,156.3000030517578,155.6300048828125,156.24000549316406,2288400
2019-11-07,143.95919799804688,156.72000122070312,157.33999633789062,156.41000366210938,157.0,2407300
2019-11-08,144.3633575439453,157.16000366210938,157.16000366210938,156.0800018310547,156.55999755859375,2132400
2019-11-11,144.0785675048828,156.85000610351562,156.92999267578125,156.25,156.39999389648438,1738900
2019-11-12,144.32656860351562,157.1199951171875,157.69000244140625,156.74000549316406,157.02999877929688,1730700
2019-11-13,144.39088439941406,157.19000244140625,157.38999938964844,156.38999938964844,156.57000732421875,2189400
2019-11-14,144.53785705566406,157.35000610351562,157.44000244140625,156.72000122070312,156.99000549316406,2096200
2019-11-15,145.64015197753906,158.5500030517578,158.5500030517578,157.7899932861328,158.14999389648438,2615300
2019-11-18,145.72286987304688,158.63999938964844,158.74000549316406,158.1199951171875,158.4199981689453,3128400
2019-11-19,145.7687530517578,158.69000244140625,159.14999389648438,158.25999450683594,159.0500030517578,2225200
2019-11-20,145.30946350097656,158.19000244140625,158.72000122070312,157.25,158.32000732421875,3336200
2019-11-21,144.94204711914062,157.7899932861328,158.33999633789062,157.44000244140625,158.27000427246094,2220300
2019-11-22,145.26356506347656,158.13999938964844,158.33999633789062,157.61000061035156,158.30999755859375,1886000
2019-11-25,146.64137268066406,159.63999938964844,159.63999938964844,158.60000610351562,158.75999450683594,2525300
2019-11-26,146.9536895751953,159.97999572753906,160.05999755859375,159.47999572753906,159.6699981689453,1884900
2019-11-27,147.65182495117188,160.74000549316406,160.74000549316406,160.02000427246094,160.3800048828125,2343200
2019-11-29,146.99049377441406,160.02000427246094,160.5500030517578,159.9199981689453,160.4600067138672,1171000
2019-12-02,145.65855407714844,158.57000732421875,160.36000061035156,158.4499969482422,160.25999450683594,3766700
2019-12-03,144.79505920410156,157.6300048828125,157.7100067138672,156.3800048828125,157.08999633789062,4040300
2019-12-04,145.7320098876953,158.64999389648438,158.9600067138672,158.10000610351562,158.2899932861328,2132100
2019-12-05,145.94326782226562,158.8800048828125,159.0,158.17999267578125,159.0,1858100
2019-12-06,147.2384796142578,160.2899932861328,160.5399932861328,159.88999938964844,159.97999572753906,2021000
2019-12-09,146.77000427246094,159.77999877929688,160.42999267578125,159.75,160.08999633789062,1934300
2019-12-10,146.64137268066406,159.63999938964844,160.10000610351562,159.2899932861328,159.77000427246094,2150800
2019-12-11,146.99049377441406,160.02000427246094,160.13999938964844,159.57000732421875,159.88999938964844,1781300
2019-12-12,148.19378662109375,161.3300018310547,161.77999877929688,159.83999633789062,160.02000427246094,3012200
2019-12-13,148.19378662109375,161.3300018310547,162.08999633789062,160.6699981689453,161.25,3023500
2019-12-16,149.27769470214844,162.50999450683594,162.8800048828125,162.22000122070312,162.36000061035156,2466000
2019-12-17,149.3328399658203,162.57000732421875,162.86000061035156,162.44000244140625,162.77000427246094,4421500
2019-12-18,149.39715576171875,162.63999938964844,162.9199981689453,162.25999450683594,162.8300018310547,2139800
2019-12-19,150.04930114746094,163.35000610351562,163.35000610351562,162.6999969482422,162.74000549316406,3018600
2019-12-20,150.8209228515625,164.19000244140625,164.33999633789062,163.86000061035156,164.0,3142900
2019-12-23,150.91278076171875,164.2899932861328,164.58999633789062,164.1999969482422,164.55999755859375,3822900
2019-12-24,150.94606018066406,163.44000244140625,163.72000122070312,163.25,163.67999267578125,1624900
2019-12-26,151.6756134033203,164.22999572753906,164.22999572753906,163.6300048828125,163.6999969482422,2515000
2019-12-27,151.537109375,164.0800018310547,164.67999267578125,163.8000030517578,164.61000061035156,2356700
2019-12-30,150.71511840820312,163.19000244140625,164.3800048828125,162.91000366210938,164.3000030517578,4503500
2019-12-31,151.1122589111328,163.6199951171875,163.75999450683594,162.72000122070312,163.0,3262400
2020-01-02,152.36825561523438,164.97999572753906,164.97999572753906,163.77999877929688,164.67999267578125,3291100
2020-01-03,151.3985595703125,163.92999267578125,164.47000122070312,163.00999450683594,163.2899932861328,3625400
2020-01-06,151.91575622558594,164.49000549316406,164.52000427246094,162.8300018310547,162.9199981689453,6813800
2020-01-07,151.55557250976562,164.10000610351562,164.4600067138672,163.77999877929688,164.27000427246094,2498400
2020-01-08,152.3036346435547,164.91000366210938,165.5500030517578,164.0399932861328,164.1999969482422,4244800
2020-01-09,153.2549285888672,165.94000244140625,165.97999572753906,165.36000061035156,165.80999755859375,2216900
2020-01-10,152.81158447265625,165.4600067138672,166.3000030517578,165.1999969482422,166.25999450683594,4023000
2020-01-13,153.855224609375,166.58999633789062,166.6300048828125,165.52000427246094,166.0,3997100
2020-01-14,153.77207946777344,166.5,167.1199951171875,166.1699981689453,166.5500030517578,3062000
2020-01-15,154.1507568359375,166.91000366210938,167.39999389648438,166.4199981689453,166.5,2479200
2020-01-16,155.471435546875,168.33999633789062,168.3699951171875,167.61000061035156,167.7100067138672,2205600
2020-01-17,155.85934448242188,168.75999450683594,169.00999450683594,168.3699951171875,169.00999450683594,2272000
2020-01-21,155.52684020996094,168.39999389648438,168.85000610351562,168.1699981689453,168.39999389648438,3174200
2020-01-22,155.61923217773438,168.5,169.32000732421875,168.35000610351562,168.92999267578125,2113600
2020-01-23,155.79469299316406,168.69000244140625,168.77000427246094,167.38999938964844,168.11000061035156,2370000
2020-01-24,154.31700134277344,167.08999633789062,169.08999633789062,166.3300018310547,169.08999633789062,3292500
2020-01-27,151.9989013671875,164.5800018310547,165.32000732421875,163.83999633789062,164.22999572753906,4692800
2020-01-28,153.4673309326172,166.1699981689453,166.6699981689453,165.05999755859375,165.3300018310547,4010700
2020-01-29,153.36572265625,166.05999755859375,166.99000549316406,165.9199981689453,166.9600067138672,1751700
2020-01-30,153.7351531982422,166.4600067138672,166.61000061035156,164.47000122070312,165.0,2835900
2020-01-31,151.01991271972656,163.52000427246094,166.2100067138672,163.0399932861328,166.16000366210938,4525300
2020-02-03,152.3498077392578,164.9600067138672,165.8300018310547,164.30999755859375,164.35000610351562,2783200
2020-02-04,154.7510986328125,167.55999755859375,168.02000427246094,166.80999755859375,166.97000122070312,2732700
2020-02-05,156.27496337890625,169.2100067138672,169.35000610351562,168.1699981689453,169.1300048828125,4133700
2020-02-06,156.70899963378906,169.67999267578125,169.8300018310547,169.19000244140625,169.75999450683594,2202300
2020-02-07,155.8131866455078,168.7100067138672,169.39999389648438,168.41000366210938,169.0500030517578,2579200
2020-02-10,156.95835876464844,169.9499969482422,169.9499969482422,168.25999450683594,168.27999877929688,2494100
2020-02-11,157.39244079589844,170.4199981689453,171.25,170.11000061035156,170.74000549316406,2921700
2020-02-12,158.38064575195312,171.49000549316406,171.5500030517578,170.91000366210938,171.24000549316406,2154100
2020-02-13,158.3159942626953,171.4199981689453,171.92999267578125,170.5500030517578,170.6999969482422,2827500
2020-02-14,158.5745849609375,171.6999969482422,171.77000427246094,170.97999572753906,171.60000610351562,2527800
2020-02-18,158.2051544189453,171.3000030517578,171.5399932861328,170.52999877929688,171.27000427246094,2459400
2020-02-19,159.00868225097656,172.1699981689453,172.55999755859375,171.77000427246094,171.9199981689453,2488100
2020-02-20,158.5283966064453,171.64999389648438,172.42999267578125,169.89999389648438,171.9600067138672,7061600
2020-02-21,156.90296936035156,169.88999938964844,171.02999877929688,169.39999389648438,170.9499969482422,2983500
2020-02-24,151.74029541015625,164.3000030517578,165.8699951171875,163.58999633789062,164.5,8710900
2020-02-25,147.1040496826172,159.27999877929688,165.38999938964844,158.77000427246094,165.0399932861328,10112300
2020-02-26,146.29127502441406,158.39999389648438,161.80999755859375,158.0,160.00999450683594,8210300
2020-02-27,139.88182067871094,151.4600067138672,157.52999877929688,151.39999389648438,155.0399932861328,14384200
2020-02-28,138.93978881835938,150.44000244140625,150.58999633789062,145.3000030517578,146.4199981689453,22272400
2020-03-02,144.6935577392578,156.6699981689453,156.82000732421875,149.5800018310547,151.41000366210938,12071600
2020-03-03,140.96237182617188,152.6300048828125,159.3000030517578,151.0800018310547,157.33999633789062,8623100
2020-03-04,146.5960693359375,158.72999572753906,158.75,154.0500030517578,155.52000427246094,5226600
2020-03-05,141.7104949951172,153.44000244140625,156.36000061035156,152.11000061035156,154.80999755859375,5343100
2020-03-06,139.07833862304688,150.58999633789062,151.33999633789062,147.1199951171875,148.97999572753906,9947700
2020-03-09,127.91254425048828,138.5,143.6300048828125,138.24000549316406,140.0,18537100
2020-03-10,134.2573699951172,145.3699951171875,145.41000366210938,137.89999389648438,144.35000610351562,11693300
2020-03-11,127.4599838256836,138.00999450683594,142.1999969482422,136.3000030517578,141.4499969482422,10760200
2020-03-12,115.06585693359375,124.58999633789062,133.6699981689453,124.41000366210938,129.17999267578125,20969500
2020-03-13,125.53900146484375,135.92999267578125,135.92999267578125,125.0,132.0,15351600
2020-03-16,111.25157928466797,120.45999908447266,127.98999786376953,120.0,121.05999755859375,14652900
2020-03-17,116.82984924316406,126.5,127.37000274658203,118.0,122.20999908447266,16645800
2020-03-18,110.0971450805664,119.20999908447266,122.36000061035156,113.0,118.5,15388000
2020-03-19,110.90986633300781,120.08999633789062,122.80000305175781,114.58999633789062,117.41000366210938,11083500
2020-03-20,106.38444519042969,115.19000244140625,122.66000366210938,114.80000305175781,121.1500015258789,12264900
2020-03-23,103.35518646240234,111.91000366210938,114.9000015258789,109.48999786376953,113.6500015258789,16443000
2020-03-24,113.1633529663086,122.52999877929688,122.58000183105469,117.0,117.62999725341797,10986900
2020-03-25,114.72415924072266,124.22000122070312,129.02999877929688,120.58999633789062,123.54000091552734,14428100
2020-03-26,121.6889419555664,131.11000061035156,131.6300048828125,124.66000366210938,124.83999633789062,10549100
2020-03-27,117.80931091308594,126.93000030517578,130.50999450683594,125.51000213623047,127.12000274658203,9731500
2020-03-30,121.38264465332031,130.77999877929688,131.1699981689453,126.63999938964844,127.77999877929688,10416300
2020-03-31,119.64702606201172,128.91000366210938,131.61000061035156,128.02000427246094,130.97000122070312,8662400
2020-04-01,114.12458038330078,122.95999908447266,125.62000274658203,121.7699966430664,124.12999725341797,7911500
2020-04-02,116.5006103515625,125.5199966430664,126.12999725341797,122.0199966430664,122.37999725341797,6244300
2020-04-03,114.51439666748047,123.37999725341797,126.04000091552734,121.86000061035156,124.8499984741211,6584400
2020-04-06,122.52423095703125,132.00999450683594,132.8000030517578,127.77999877929688,128.42999267578125,9369400
2020-04-07,122.66349792480469,132.16000366210938,137.27999877929688,132.0800018310547,137.02000427246094,10469900
2020-04-08,126.9700927734375,136.8000030517578,137.4499969482422,132.4199981689453,133.72999572753906,6610400
2020-04-09,129.34613037109375,139.36000061035156,140.77999877929688,137.80999755859375,138.9199981689453,9311600
2020-04-13,127.80542755126953,137.6999969482422,140.05999755859375,135.6300048828125,138.75,7291600
2020-04-14,131.68507385253906,141.8800048828125,142.2100067138672,139.97000122070312,140.58999633789062,5609300
2020-04-15,128.5943603515625,138.5500030517578,139.49000549316406,137.42999267578125,138.74000549316406,5164100
2020-04-16,129.19760131835938,139.1999969482422,139.5500030517578,137.42999267578125,139.27000427246094,5301200
2020-04-17,132.8545379638672,143.13999938964844,143.47999572753906,141.0800018310547,142.7100067138672,6411200
2020-04-20,130.7012176513672,140.82000732421875,143.0500030517578,140.50999450683594,141.0,5414000
2020-04-21,126.6452407836914,136.4499969482422,138.97999572753906,135.8699951171875,138.10000610351562,6367500
2020-04-22,129.50389099121094,139.52999877929688,140.3000030517578,138.36000061035156,139.25999450683594,6340900
2020-04-23,129.52249145507812,139.5500030517578,141.97999572753906,139.44000244140625,140.22000122070312,6198300
2020-04-24,131.45301818847656,141.6300048828125,141.97000122070312,139.25999450683594,140.5,4403600
2020-04-27,133.78265380859375,144.13999938964844,144.66000366210938,141.0,142.64999389648438,4968200
2020-04-28,133.36500549316406,143.69000244140625,146.47999572753906,143.3699951171875,146.1699981689453,3594500
2020-04-29,137.14251708984375,147.75999450683594,148.5399932861328,146.02999877929688,146.80999755859375,4990900
